[2026-09-15T16:27:17+0200] START pipeline=daily args=
2026-09-15 16:28:04,833 INFO alembic.runtime.migration Context impl SQLiteImpl.
2026-09-15 16:28:04,853 INFO alembic.runtime.migration Will assume non-transactional DDL.
2026-09-15 16:28:05,096 INFO alembic.runtime.migration Context impl SQLiteImpl.
2026-09-15 16:28:05,096 INFO alembic.runtime.migration Will assume non-transactional DDL.
INFO  [alembic.runtime.migration] Context impl SQLiteImpl.
INFO  [alembic.runtime.migration] Will assume non-transactional DDL.
INFO  [alembic.runtime.migration] Context impl SQLiteImpl.
INFO  [alembic.runtime.migration] Will assume non-transactional DDL.
analytics store already at 20260915_0013: 
/home/kevin/Nairobi-stock-Exchange/data/nse_analytics.sqlite3
2026-09-15 16:29:23,744 INFO app.web.services.market_data.sources.nse_scraper {"event": "scraper_observations_bulk_fetched", "tickers": 102, "rows": 287978}
2026-09-15 16:29:24,953 INFO app.web.services.market_data.sources.nse_scraper {"event": "scraper_statements_fetched", "ticker": "ABSA", "rows": 0}
2026-09-15 16:29:25,238 INFO app.web.services.market_data.sources.nse_scraper {"event": "scraper_statements_fetched", "ticker": "ACCS", "rows": 0}
2026-09-15 16:29:25,241 INFO app.web.services.market_data.sources.nse_scraper {"event": "scraper_statements_fetched", "ticker": "ALP", "rows": 0}
2026-09-15 16:29:25,255 INFO app.web.services.market_data.sources.nse_scraper {"event": "scraper_statements_fetched", "ticker": "AMAC", "rows": 0}
2026-09-15 16:29:25,554 INFO app.web.services.market_data.sources.nse_scraper {"event": "scraper_statements_fetched", "ticker": "ARM", "rows": 0}
2026-09-15 16:29:25,835 INFO app.web.services.market_data.sources.nse_scraper {"event": "scraper_statements_fetched", "ticker": "BAMB", "rows": 0}
2026-09-15 16:29:26,359 INFO app.web.services.market_data.sources.nse_scraper {"event": "scraper_statements_fetched", "ticker": "BAT", "rows": 2295}
2026-09-15 16:29:26,440 INFO app.web.services.market_data.sources.nse_scraper {"event": "scraper_statements_fetched", "ticker": "BAUM", "rows": 0}
2026-09-15 16:29:26,551 INFO app.web.services.market_data.sources.nse_scraper {"event": "scraper_statements_fetched", "ticker": "BERG", "rows": 0}
2026-09-15 16:29:26,942 INFO app.web.services.market_data.sources.nse_scraper {"event": "scraper_statements_fetched", "ticker": "BKG", "rows": 2612}
2026-09-15 16:29:27,046 INFO app.web.services.market_data.sources.nse_scraper {"event": "scraper_statements_fetched", "ticker": "BOC", "rows": 0}
2026-09-15 16:29:27,544 INFO app.web.services.market_data.sources.nse_scraper {"event": "scraper_statements_fetched", "ticker": "BRIT", "rows": 2456}
2026-09-15 16:29:27,656 INFO app.web.services.market_data.sources.nse_scraper {"event": "scraper_statements_fetched", "ticker": "CABL", "rows": 0}
2026-09-15 16:29:27,845 INFO app.web.services.market_data.sources.nse_scraper {"event": "scraper_statements_fetched", "ticker": "CARB", "rows": 0}
2026-09-15 16:29:27,847 INFO app.web.services.market_data.sources.nse_scraper {"event": "scraper_statements_fetched", "ticker": "CFC-R", "rows": 0}
2026-09-15 16:29:28,248 INFO app.web.services.market_data.sources.nse_scraper {"event": "scraper_statements_fetched", "ticker": "CGEN", "rows": 2522}
2026-09-15 16:29:28,271 INFO app.web.services.market_data.sources.nse_scraper {"event": "scraper_statements_fetched", "ticker": "CIC", "rows": 0}
2026-09-15 16:29:28,331 INFO app.web.services.market_data.sources.nse_scraper {"event": "scraper_statements_fetched", "ticker": "CITY", "rows": 0}
2026-09-15 16:29:28,341 INFO app.web.services.market_data.sources.nse_scraper {"event": "scraper_statements_fetched", "ticker": "CMC", "rows": 0}
2026-09-15 16:29:28,366 INFO app.web.services.market_data.sources.nse_scraper {"event": "scraper_statements_fetched", "ticker": "COOP", "rows": 0}
2026-09-15 16:29:28,382 INFO app.web.services.market_data.sources.nse_scraper {"event": "scraper_statements_fetched", "ticker": "CRWN", "rows": 0}
2026-09-15 16:29:28,401 INFO app.web.services.market_data.sources.nse_scraper {"event": "scraper_statements_fetched", "ticker": "CTUM", "rows": 0}
2026-09-15 16:29:28,411 INFO app.web.services.market_data.sources.nse_scraper {"event": "scraper_statements_fetched", "ticker": "DCON", "rows": 0}
2026-09-15 16:29:28,545 INFO app.web.services.market_data.sources.nse_scraper {"event": "scraper_statements_fetched", "ticker": "DTK", "rows": 2914}
2026-09-15 16:29:28,551 INFO app.web.services.market_data.sources.nse_scraper {"event": "scraper_statements_fetched", "ticker": "DTK-R", "rows": 0}
2026-09-15 16:29:28,633 INFO app.web.services.market_data.sources.nse_scraper {"event": "scraper_statements_fetched", "ticker": "EABL", "rows": 0}
2026-09-15 16:29:28,665 INFO app.web.services.market_data.sources.nse_scraper {"event": "scraper_statements_fetched", "ticker": "EGAD", "rows": 0}
2026-09-15 16:29:28,779 INFO app.web.services.market_data.sources.nse_scraper {"event": "scraper_statements_fetched", "ticker": "EQTY", "rows": 2938}
2026-09-15 16:29:28,855 INFO app.web.services.market_data.sources.nse_scraper {"event": "scraper_statements_fetched", "ticker": "EVRD", "rows": 0}
2026-09-15 16:29:28,871 INFO app.web.services.market_data.sources.nse_scraper {"event": "scraper_statements_fetched", "ticker": "FMLY", "rows": 0}
2026-09-15 16:29:28,891 INFO app.web.services.market_data.sources.nse_scraper {"event": "scraper_statements_fetched", "ticker": "FTGH", "rows": 0}
2026-09-15 16:29:28,937 INFO app.web.services.market_data.sources.nse_scraper {"event": "scraper_statements_fetched", "ticker": "GLD", "rows": 0}
2026-09-15 16:29:28,961 INFO app.web.services.market_data.sources.nse_scraper {"event": "scraper_statements_fetched", "ticker": "HAFR", "rows": 0}
2026-09-15 16:29:28,967 INFO app.web.services.market_data.sources.nse_scraper {"event": "scraper_statements_fetched", "ticker": "HBE", "rows": 0}
2026-09-15 16:29:29,136 INFO app.web.services.market_data.sources.nse_scraper {"event": "scraper_statements_fetched", "ticker": "HFCK", "rows": 2693}
2026-09-15 16:29:29,141 INFO app.web.services.market_data.sources.nse_scraper {"event": "scraper_statements_fetched", "ticker": "HFCK-R", "rows": 0}
2026-09-15 16:29:29,230 INFO app.web.services.market_data.sources.nse_scraper {"event": "scraper_statements_fetched", "ticker": "ICDC", "rows": 0}
2026-09-15 16:29:29,265 INFO app.web.services.market_data.sources.nse_scraper {"event": "scraper_statements_fetched", "ticker": "IMH", "rows": 0}
2026-09-15 16:29:29,654 INFO app.web.services.market_data.sources.nse_scraper {"event": "scraper_statements_fetched", "ticker": "JUB", "rows": 2478}
2026-09-15 16:29:29,691 INFO app.web.services.market_data.sources.nse_scraper {"event": "scraper_statements_fetched", "ticker": "KAPC", "rows": 0}
2026-09-15 16:29:29,882 INFO app.web.services.market_data.sources.nse_scraper {"event": "scraper_statements_fetched", "ticker": "KCB", "rows": 2879}
2026-09-15 16:29:29,932 INFO app.web.services.market_data.sources.nse_scraper {"event": "scraper_statements_fetched", "ticker": "KCB-R", "rows": 0}
2026-09-15 16:29:30,234 INFO app.web.services.market_data.sources.nse_scraper {"event": "scraper_statements_fetched", "ticker": "KEGN", "rows": 2336}
2026-09-15 16:29:30,337 INFO app.web.services.market_data.sources.nse_scraper {"event": "scraper_statements_fetched", "ticker": "KENO", "rows": 0}
2026-09-15 16:29:30,645 INFO app.web.services.market_data.sources.nse_scraper {"event": "scraper_statements_fetched", "ticker": "KNRE", "rows": 2073}
2026-09-15 16:29:30,733 INFO app.web.services.market_data.sources.nse_scraper {"event": "scraper_statements_fetched", "ticker": "KPC", "rows": 0}
2026-09-15 16:29:31,059 INFO app.web.services.market_data.sources.nse_scraper {"event": "scraper_statements_fetched", "ticker": "KPLC", "rows": 406}
2026-09-15 16:29:31,246 INFO app.web.services.market_data.sources.nse_scraper {"event": "scraper_statements_fetched", "ticker": "KPLC-P4", "rows": 0}
2026-09-15 16:29:31,360 INFO app.web.services.market_data.sources.nse_scraper {"event": "scraper_statements_fetched", "ticker": "KPLC-P7", "rows": 0}
2026-09-15 16:29:31,429 INFO app.web.services.market_data.sources.nse_scraper {"event": "scraper_statements_fetched", "ticker": "KPLC-R", "rows": 0}
2026-09-15 16:29:31,943 INFO app.web.services.market_data.sources.nse_scraper {"event": "scraper_statements_fetched", "ticker": "KQ", "rows": 2398}
2026-09-15 16:29:31,948 INFO app.web.services.market_data.sources.nse_scraper {"event": "scraper_statements_fetched", "ticker": "KQ-R", "rows": 0}
2026-09-15 16:29:32,355 INFO app.web.services.market_data.sources.nse_scraper {"event": "scraper_statements_fetched", "ticker": "KUKZ", "rows": 0}
2026-09-15 16:29:32,450 INFO app.web.services.market_data.sources.nse_scraper {"event": "scraper_statements_fetched", "ticker": "KURV", "rows": 0}
2026-09-15 16:29:32,541 INFO app.web.services.market_data.sources.nse_scraper {"event": "scraper_statements_fetched", "ticker": "LAPR", "rows": 0}
2026-09-15 16:29:32,652 INFO app.web.services.market_data.sources.nse_scraper {"event": "scraper_statements_fetched", "ticker": "LBTY", "rows": 0}
2026-09-15 16:29:32,738 INFO app.web.services.market_data.sources.nse_scraper {"event": "scraper_statements_fetched", "ticker": "LIMT", "rows": 0}
2026-09-15 16:29:32,848 INFO app.web.services.market_data.sources.nse_scraper {"event": "scraper_statements_fetched", "ticker": "LKL", "rows": 0}
2026-09-15 16:29:32,863 INFO app.web.services.market_data.sources.nse_scraper {"event": "scraper_statements_fetched", "ticker": "MASH", "rows": 0}
2026-09-15 16:29:33,051 INFO app.web.services.market_data.sources.nse_scraper {"event": "scraper_statements_fetched", "ticker": "MSC", "rows": 0}
2026-09-15 16:29:33,239 INFO app.web.services.market_data.sources.nse_scraper {"event": "scraper_statements_fetched", "ticker": "NBK", "rows": 0}
2026-09-15 16:29:33,329 INFO app.web.services.market_data.sources.nse_scraper {"event": "scraper_statements_fetched", "ticker": "NBV", "rows": 0}
2026-09-15 16:29:33,458 INFO app.web.services.market_data.sources.nse_scraper {"event": "scraper_statements_fetched", "ticker": "NCBA", "rows": 0}
2026-09-15 16:29:33,461 INFO app.web.services.market_data.sources.nse_scraper {"event": "scraper_statements_fetched", "ticker": "NIC-R", "rows": 0}
2026-09-15 16:29:33,736 INFO app.web.services.market_data.sources.nse_scraper {"event": "scraper_statements_fetched", "ticker": "NMG", "rows": 0}
2026-09-15 16:29:33,833 INFO app.web.services.market_data.sources.nse_scraper {"event": "scraper_statements_fetched", "ticker": "NSE", "rows": 0}
2026-09-15 16:29:34,054 INFO app.web.services.market_data.sources.nse_scraper {"event": "scraper_statements_fetched", "ticker": "OCH", "rows": 0}
2026-09-15 16:29:34,143 INFO app.web.services.market_data.sources.nse_scraper {"event": "scraper_statements_fetched", "ticker": "OCH-R", "rows": 0}
2026-09-15 16:29:34,338 INFO app.web.services.market_data.sources.nse_scraper {"event": "scraper_statements_fetched", "ticker": "ORCH", "rows": 0}
2026-09-15 16:29:34,550 INFO app.web.services.market_data.sources.nse_scraper {"event": "scraper_statements_fetched", "ticker": "PAFR", "rows": 0}
2026-09-15 16:29:34,955 INFO app.web.services.market_data.sources.nse_scraper {"event": "scraper_statements_fetched", "ticker": "PORT", "rows": 0}
2026-09-15 16:29:35,150 INFO app.web.services.market_data.sources.nse_scraper {"event": "scraper_statements_fetched", "ticker": "REA", "rows": 0}
2026-09-15 16:29:35,550 INFO app.web.services.market_data.sources.nse_scraper {"event": "scraper_statements_fetched", "ticker": "SASN", "rows": 0}
2026-09-15 16:29:36,357 INFO app.web.services.market_data.sources.nse_scraper {"event": "scraper_statements_fetched", "ticker": "SBIC", "rows": 2019}
2026-09-15 16:29:36,742 INFO app.web.services.market_data.sources.nse_scraper {"event": "scraper_statements_fetched", "ticker": "SCAN", "rows": 0}
2026-09-15 16:29:37,239 INFO app.web.services.market_data.sources.nse_scraper {"event": "scraper_statements_fetched", "ticker": "SCBK", "rows": 396}
2026-09-15 16:29:37,241 INFO app.web.services.market_data.sources.nse_scraper {"event": "scraper_statements_fetched", "ticker": "SCBK-R", "rows": 0}
2026-09-15 16:29:37,944 INFO app.web.services.market_data.sources.nse_scraper {"event": "scraper_statements_fetched", "ticker": "SCOM", "rows": 2612}
2026-09-15 16:29:38,231 INFO app.web.services.market_data.sources.nse_scraper {"event": "scraper_statements_fetched", "ticker": "SGL", "rows": 0}
2026-09-15 16:29:38,332 INFO app.web.services.market_data.sources.nse_scraper {"event": "scraper_statements_fetched", "ticker": "SKL", "rows": 0}
2026-09-15 16:29:38,454 INFO app.web.services.market_data.sources.nse_scraper {"event": "scraper_statements_fetched", "ticker": "SLAM", "rows": 0}
2026-09-15 16:29:38,750 INFO app.web.services.market_data.sources.nse_scraper {"event": "scraper_statements_fetched", "ticker": "SMER", "rows": 0}
2026-09-15 16:29:39,030 INFO app.web.services.market_data.sources.nse_scraper {"event": "scraper_statements_fetched", "ticker": "TCL", "rows": 0}
2026-09-15 16:29:39,440 INFO app.web.services.market_data.sources.nse_scraper {"event": "scraper_statements_fetched", "ticker": "TOTL", "rows": 2396}
2026-09-15 16:29:39,541 INFO app.web.services.market_data.sources.nse_scraper {"event": "scraper_statements_fetched", "ticker": "TPSE", "rows": 0}
2026-09-15 16:29:39,548 INFO app.web.services.market_data.sources.nse_scraper {"event": "scraper_statements_fetched", "ticker": "TPSE-R", "rows": 0}
2026-09-15 16:29:39,551 INFO app.web.services.market_data.sources.nse_scraper {"event": "scraper_statements_fetched", "ticker": "TRFC", "rows": 0}
2026-09-15 16:29:39,628 INFO app.web.services.market_data.sources.nse_scraper {"event": "scraper_statements_fetched", "ticker": "UCHM", "rows": 0}
2026-09-15 16:29:39,656 INFO app.web.services.market_data.sources.nse_scraper {"event": "scraper_statements_fetched", "ticker": "UMME", "rows": 0}
2026-09-15 16:29:39,741 INFO app.web.services.market_data.sources.nse_scraper {"event": "scraper_statements_fetched", "ticker": "UNGA", "rows": 0}
2026-09-15 16:29:39,753 INFO app.web.services.market_data.sources.nse_scraper {"event": "scraper_statements_fetched", "ticker": "UTK", "rows": 0}
2026-09-15 16:29:39,841 INFO app.web.services.market_data.sources.nse_scraper {"event": "scraper_statements_fetched", "ticker": "WTK", "rows": 0}
2026-09-15 16:29:39,881 INFO app.web.services.market_data.sources.nse_scraper {"event": "scraper_statements_fetched", "ticker": "XPRS", "rows": 0}
2026-09-15 16:29:39,948 INFO app.web.services.market_data.sources.nse_scraper {"event": "scraper_statements_fetched", "ticker": "^FNK15", "rows": 0}
2026-09-15 16:29:39,967 INFO app.web.services.market_data.sources.nse_scraper {"event": "scraper_statements_fetched", "ticker": "^FNK25", "rows": 0}
2026-09-15 16:29:39,970 INFO app.web.services.market_data.sources.nse_scraper {"event": "scraper_statements_fetched", "ticker": "^N10I", "rows": 0}
2026-09-15 16:29:40,031 INFO app.web.services.market_data.sources.nse_scraper {"event": "scraper_statements_fetched", "ticker": "^N20I", "rows": 0}
2026-09-15 16:29:40,046 INFO app.web.services.market_data.sources.nse_scraper {"event": "scraper_statements_fetched", "ticker": "^N25I", "rows": 0}
2026-09-15 16:29:40,079 INFO app.web.services.market_data.sources.nse_scraper {"event": "scraper_statements_fetched", "ticker": "^NASI", "rows": 0}
2026-09-15 16:29:40,081 INFO app.web.services.market_data.sources.nse_scraper {"event": "scraper_statements_fetched", "ticker": "^NBDI", "rows": 0}
2026-09-15 16:29:40,093 INFO app.web.services.market_data.sources.nse_scraper {"event": "scraper_statements_fetched", "ticker": "^ZKEQTK", "rows": 0}
2026-09-15 16:29:40,104 INFO app.web.services.market_data.sources.nse_scraper {"event": "scraper_statements_fetched", "ticker": "^ZKEQTU", "rows": 0}
2026-09-15 16:29:41,435 INFO app.web.services.analytics.quality.runner {"event": "data_quality_done", "run_id": 44, "instruments": 102, "findings": 319, "by_severity": {"warning": 217, "info": 101, "error": 1}, "resolved": 61, "report": "/home/kevin/Nairobi-stock-Exchange/reports/data_quality/2026-09-15.md"}
2026-09-15 16:30:40,146 INFO app.web.services.market_data.sources.nse_scraper {"event": "scraper_observations_bulk_fetched", "tickers": 102, "rows": 287978}
2026-09-15 16:30:58,467 INFO app.web.services.analytics.returns.service {"event": "returns_computed", "as_of": "2026-09-15", "processed": 102, "skipped": 0, "rows": 1020, "calc_version_id": 13}
2026-09-15 16:31:37,854 INFO app.web.services.market_data.sources.nse_scraper {"event": "scraper_observations_bulk_fetched", "tickers": 102, "rows": 287978}
2026-09-15 16:31:59,163 INFO app.web.services.market_data.sources.nse_scraper {"event": "scraper_observations_fetched", "ticker": "^NASI", "rows": 4003}
2026-09-15 16:32:27,750 INFO app.web.services.analytics.momentum.service {"event": "momentum_computed", "as_of": "2026-09-15", "processed": 102, "skipped": 0, "rows": 2346, "calc_version_id": 13}
2026-09-15 16:38:45,352 INFO app.web.services.market_data.sources.nse_scraper {"event": "scraper_observations_bulk_fetched", "tickers": 102, "rows": 287978}
2026-09-15 16:39:07,732 INFO app.web.services.market_data.sources.nse_scraper {"event": "scraper_observations_fetched", "ticker": "^NASI", "rows": 4003}
2026-09-15 16:39:14,449 INFO app.web.services.analytics.risk.service {"event": "risk_computed", "as_of": "2026-09-15", "processed": 102, "rows": 1428, "correlation_pairs": 0, "calc_version_id": 13}
2026-09-15 16:40:19,648 INFO app.web.services.market_data.sources.nse_scraper {"event": "scraper_observations_bulk_fetched", "tickers": 102, "rows": 287978}
2026-09-15 16:40:32,429 INFO app.web.services.market_data.sources.nse_scraper {"event": "scraper_snapshots_fetched", "ticker": "ABSA", "rows": 3}
2026-09-15 16:40:32,432 INFO app.web.services.market_data.sources.nse_scraper {"event": "scraper_snapshots_fetched", "ticker": "ACCS", "rows": 0}
2026-09-15 16:40:32,436 INFO app.web.services.market_data.sources.nse_scraper {"event": "scraper_snapshots_fetched", "ticker": "ALP", "rows": 3}
2026-09-15 16:40:32,440 INFO app.web.services.market_data.sources.nse_scraper {"event": "scraper_snapshots_fetched", "ticker": "AMAC", "rows": 3}
2026-09-15 16:40:32,443 INFO app.web.services.market_data.sources.nse_scraper {"event": "scraper_snapshots_fetched", "ticker": "ARM", "rows": 0}
2026-09-15 16:40:32,446 INFO app.web.services.market_data.sources.nse_scraper {"event": "scraper_snapshots_fetched", "ticker": "BAMB", "rows": 3}
2026-09-15 16:40:32,449 INFO app.web.services.market_data.sources.nse_scraper {"event": "scraper_snapshots_fetched", "ticker": "BAT", "rows": 3}
2026-09-15 16:40:32,451 INFO app.web.services.market_data.sources.nse_scraper {"event": "scraper_snapshots_fetched", "ticker": "BAUM", "rows": 0}
2026-09-15 16:40:32,454 INFO app.web.services.market_data.sources.nse_scraper {"event": "scraper_snapshots_fetched", "ticker": "BERG", "rows": 0}
2026-09-15 16:40:32,458 INFO app.web.services.market_data.sources.nse_scraper {"event": "scraper_snapshots_fetched", "ticker": "BKG", "rows": 3}
2026-09-15 16:40:32,461 INFO app.web.services.market_data.sources.nse_scraper {"event": "scraper_snapshots_fetched", "ticker": "BOC", "rows": 3}
2026-09-15 16:40:32,532 INFO app.web.services.market_data.sources.nse_scraper {"event": "scraper_snapshots_fetched", "ticker": "BRIT", "rows": 3}
2026-09-15 16:40:32,535 INFO app.web.services.market_data.sources.nse_scraper {"event": "scraper_snapshots_fetched", "ticker": "CABL", "rows": 3}
2026-09-15 16:40:32,538 INFO app.web.services.market_data.sources.nse_scraper {"event": "scraper_snapshots_fetched", "ticker": "CARB", "rows": 3}
2026-09-15 16:40:32,540 INFO app.web.services.market_data.sources.nse_scraper {"event": "scraper_snapshots_fetched", "ticker": "CFC-R", "rows": 0}
2026-09-15 16:40:32,542 INFO app.web.services.market_data.sources.nse_scraper {"event": "scraper_snapshots_fetched", "ticker": "CGEN", "rows": 3}
2026-09-15 16:40:32,545 INFO app.web.services.market_data.sources.nse_scraper {"event": "scraper_snapshots_fetched", "ticker": "CIC", "rows": 3}
2026-09-15 16:40:32,547 INFO app.web.services.market_data.sources.nse_scraper {"event": "scraper_snapshots_fetched", "ticker": "CITY", "rows": 0}
2026-09-15 16:40:32,548 INFO app.web.services.market_data.sources.nse_scraper {"event": "scraper_snapshots_fetched", "ticker": "CMC", "rows": 0}
2026-09-15 16:40:32,549 INFO app.web.services.market_data.sources.nse_scraper {"event": "scraper_snapshots_fetched", "ticker": "COOP", "rows": 3}
2026-09-15 16:40:32,551 INFO app.web.services.market_data.sources.nse_scraper {"event": "scraper_snapshots_fetched", "ticker": "CRWN", "rows": 3}
2026-09-15 16:40:32,555 INFO app.web.services.market_data.sources.nse_scraper {"event": "scraper_snapshots_fetched", "ticker": "CTUM", "rows": 3}
2026-09-15 16:40:32,557 INFO app.web.services.market_data.sources.nse_scraper {"event": "scraper_snapshots_fetched", "ticker": "DCON", "rows": 0}
2026-09-15 16:40:32,559 INFO app.web.services.market_data.sources.nse_scraper {"event": "scraper_snapshots_fetched", "ticker": "DTK", "rows": 3}
2026-09-15 16:40:32,630 INFO app.web.services.market_data.sources.nse_scraper {"event": "scraper_snapshots_fetched", "ticker": "DTK-R", "rows": 0}
2026-09-15 16:40:32,633 INFO app.web.services.market_data.sources.nse_scraper {"event": "scraper_snapshots_fetched", "ticker": "EABL", "rows": 3}
2026-09-15 16:40:32,636 INFO app.web.services.market_data.sources.nse_scraper {"event": "scraper_snapshots_fetched", "ticker": "EGAD", "rows": 3}
2026-09-15 16:40:32,640 INFO app.web.services.market_data.sources.nse_scraper {"event": "scraper_snapshots_fetched", "ticker": "EQTY", "rows": 3}
2026-09-15 16:40:32,642 INFO app.web.services.market_data.sources.nse_scraper {"event": "scraper_snapshots_fetched", "ticker": "EVRD", "rows": 3}
2026-09-15 16:40:32,644 INFO app.web.services.market_data.sources.nse_scraper {"event": "scraper_snapshots_fetched", "ticker": "FMLY", "rows": 3}
2026-09-15 16:40:32,645 INFO app.web.services.market_data.sources.nse_scraper {"event": "scraper_snapshots_fetched", "ticker": "FTGH", "rows": 3}
2026-09-15 16:40:32,647 INFO app.web.services.market_data.sources.nse_scraper {"event": "scraper_snapshots_fetched", "ticker": "GLD", "rows": 0}
2026-09-15 16:40:32,648 INFO app.web.services.market_data.sources.nse_scraper {"event": "scraper_snapshots_fetched", "ticker": "HAFR", "rows": 3}
2026-09-15 16:40:32,650 INFO app.web.services.market_data.sources.nse_scraper {"event": "scraper_snapshots_fetched", "ticker": "HBE", "rows": 0}
2026-09-15 16:40:32,652 INFO app.web.services.market_data.sources.nse_scraper {"event": "scraper_snapshots_fetched", "ticker": "HFCK", "rows": 3}
2026-09-15 16:40:32,653 INFO app.web.services.market_data.sources.nse_scraper {"event": "scraper_snapshots_fetched", "ticker": "HFCK-R", "rows": 0}
2026-09-15 16:40:32,655 INFO app.web.services.market_data.sources.nse_scraper {"event": "scraper_snapshots_fetched", "ticker": "ICDC", "rows": 0}
2026-09-15 16:40:32,657 INFO app.web.services.market_data.sources.nse_scraper {"event": "scraper_snapshots_fetched", "ticker": "IMH", "rows": 3}
2026-09-15 16:40:32,659 INFO app.web.services.market_data.sources.nse_scraper {"event": "scraper_snapshots_fetched", "ticker": "JUB", "rows": 3}
2026-09-15 16:40:32,729 INFO app.web.services.market_data.sources.nse_scraper {"event": "scraper_snapshots_fetched", "ticker": "KAPC", "rows": 3}
2026-09-15 16:40:32,731 INFO app.web.services.market_data.sources.nse_scraper {"event": "scraper_snapshots_fetched", "ticker": "KCB", "rows": 3}
2026-09-15 16:40:32,734 INFO app.web.services.market_data.sources.nse_scraper {"event": "scraper_snapshots_fetched", "ticker": "KCB-R", "rows": 0}
2026-09-15 16:40:32,741 INFO app.web.services.market_data.sources.nse_scraper {"event": "scraper_snapshots_fetched", "ticker": "KEGN", "rows": 3}
2026-09-15 16:40:32,745 INFO app.web.services.market_data.sources.nse_scraper {"event": "scraper_snapshots_fetched", "ticker": "KENO", "rows": 0}
2026-09-15 16:40:32,750 INFO app.web.services.market_data.sources.nse_scraper {"event": "scraper_snapshots_fetched", "ticker": "KNRE", "rows": 3}
2026-09-15 16:40:32,752 INFO app.web.services.market_data.sources.nse_scraper {"event": "scraper_snapshots_fetched", "ticker": "KPC", "rows": 3}
2026-09-15 16:40:32,754 INFO app.web.services.market_data.sources.nse_scraper {"event": "scraper_snapshots_fetched", "ticker": "KPLC", "rows": 3}
2026-09-15 16:40:32,830 INFO app.web.services.market_data.sources.nse_scraper {"event": "scraper_snapshots_fetched", "ticker": "KPLC-P4", "rows": 0}
2026-09-15 16:40:32,833 INFO app.web.services.market_data.sources.nse_scraper {"event": "scraper_snapshots_fetched", "ticker": "KPLC-P7", "rows": 0}
2026-09-15 16:40:32,835 INFO app.web.services.market_data.sources.nse_scraper {"event": "scraper_snapshots_fetched", "ticker": "KPLC-R", "rows": 0}
2026-09-15 16:40:32,838 INFO app.web.services.market_data.sources.nse_scraper {"event": "scraper_snapshots_fetched", "ticker": "KQ", "rows": 3}
2026-09-15 16:40:32,845 INFO app.web.services.market_data.sources.nse_scraper {"event": "scraper_snapshots_fetched", "ticker": "KQ-R", "rows": 0}
2026-09-15 16:40:32,850 INFO app.web.services.market_data.sources.nse_scraper {"event": "scraper_snapshots_fetched", "ticker": "KUKZ", "rows": 3}
2026-09-15 16:40:32,854 INFO app.web.services.market_data.sources.nse_scraper {"event": "scraper_snapshots_fetched", "ticker": "KURV", "rows": 3}
2026-09-15 16:40:32,856 INFO app.web.services.market_data.sources.nse_scraper {"event": "scraper_snapshots_fetched", "ticker": "LAPR", "rows": 3}
2026-09-15 16:40:32,858 INFO app.web.services.market_data.sources.nse_scraper {"event": "scraper_snapshots_fetched", "ticker": "LBTY", "rows": 3}
2026-09-15 16:40:32,931 INFO app.web.services.market_data.sources.nse_scraper {"event": "scraper_snapshots_fetched", "ticker": "LIMT", "rows": 3}
2026-09-15 16:40:32,932 INFO app.web.services.market_data.sources.nse_scraper {"event": "scraper_snapshots_fetched", "ticker": "LKL", "rows": 3}
2026-09-15 16:40:32,935 INFO app.web.services.market_data.sources.nse_scraper {"event": "scraper_snapshots_fetched", "ticker": "MASH", "rows": 0}
2026-09-15 16:40:32,937 INFO app.web.services.market_data.sources.nse_scraper {"event": "scraper_snapshots_fetched", "ticker": "MSC", "rows": 0}
2026-09-15 16:40:32,938 INFO app.web.services.market_data.sources.nse_scraper {"event": "scraper_snapshots_fetched", "ticker": "NBK", "rows": 0}
2026-09-15 16:40:32,939 INFO app.web.services.market_data.sources.nse_scraper {"event": "scraper_snapshots_fetched", "ticker": "NBV", "rows": 3}
2026-09-15 16:40:32,941 INFO app.web.services.market_data.sources.nse_scraper {"event": "scraper_snapshots_fetched", "ticker": "NCBA", "rows": 3}
2026-09-15 16:40:32,942 INFO app.web.services.market_data.sources.nse_scraper {"event": "scraper_snapshots_fetched", "ticker": "NIC-R", "rows": 0}
2026-09-15 16:40:32,944 INFO app.web.services.market_data.sources.nse_scraper {"event": "scraper_snapshots_fetched", "ticker": "NMG", "rows": 3}
2026-09-15 16:40:32,946 INFO app.web.services.market_data.sources.nse_scraper {"event": "scraper_snapshots_fetched", "ticker": "NSE", "rows": 3}
2026-09-15 16:40:32,947 INFO app.web.services.market_data.sources.nse_scraper {"event": "scraper_snapshots_fetched", "ticker": "OCH", "rows": 3}
2026-09-15 16:40:32,953 INFO app.web.services.market_data.sources.nse_scraper {"event": "scraper_snapshots_fetched", "ticker": "OCH-R", "rows": 0}
2026-09-15 16:40:32,955 INFO app.web.services.market_data.sources.nse_scraper {"event": "scraper_snapshots_fetched", "ticker": "ORCH", "rows": 0}
2026-09-15 16:40:32,960 INFO app.web.services.market_data.sources.nse_scraper {"event": "scraper_snapshots_fetched", "ticker": "PAFR", "rows": 0}
2026-09-15 16:40:32,962 INFO app.web.services.market_data.sources.nse_scraper {"event": "scraper_snapshots_fetched", "ticker": "PORT", "rows": 3}
2026-09-15 16:40:32,963 INFO app.web.services.market_data.sources.nse_scraper {"event": "scraper_snapshots_fetched", "ticker": "REA", "rows": 0}
2026-09-15 16:40:33,029 INFO app.web.services.market_data.sources.nse_scraper {"event": "scraper_snapshots_fetched", "ticker": "SASN", "rows": 3}
2026-09-15 16:40:33,033 INFO app.web.services.market_data.sources.nse_scraper {"event": "scraper_snapshots_fetched", "ticker": "SBIC", "rows": 3}
2026-09-15 16:40:33,037 INFO app.web.services.market_data.sources.nse_scraper {"event": "scraper_snapshots_fetched", "ticker": "SCAN", "rows": 3}
2026-09-15 16:40:33,038 INFO app.web.services.market_data.sources.nse_scraper {"event": "scraper_snapshots_fetched", "ticker": "SCBK", "rows": 3}
2026-09-15 16:40:33,040 INFO app.web.services.market_data.sources.nse_scraper {"event": "scraper_snapshots_fetched", "ticker": "SCBK-R", "rows": 0}
2026-09-15 16:40:33,041 INFO app.web.services.market_data.sources.nse_scraper {"event": "scraper_snapshots_fetched", "ticker": "SCOM", "rows": 3}
2026-09-15 16:40:33,042 INFO app.web.services.market_data.sources.nse_scraper {"event": "scraper_snapshots_fetched", "ticker": "SGL", "rows": 3}
2026-09-15 16:40:33,044 INFO app.web.services.market_data.sources.nse_scraper {"event": "scraper_snapshots_fetched", "ticker": "SKL", "rows": 3}
2026-09-15 16:40:33,045 INFO app.web.services.market_data.sources.nse_scraper {"event": "scraper_snapshots_fetched", "ticker": "SLAM", "rows": 3}
2026-09-15 16:40:33,052 INFO app.web.services.market_data.sources.nse_scraper {"event": "scraper_snapshots_fetched", "ticker": "SMER", "rows": 3}
2026-09-15 16:40:33,055 INFO app.web.services.market_data.sources.nse_scraper {"event": "scraper_snapshots_fetched", "ticker": "TCL", "rows": 3}
2026-09-15 16:40:33,058 INFO app.web.services.market_data.sources.nse_scraper {"event": "scraper_snapshots_fetched", "ticker": "TOTL", "rows": 3}
2026-09-15 16:40:33,060 INFO app.web.services.market_data.sources.nse_scraper {"event": "scraper_snapshots_fetched", "ticker": "TPSE", "rows": 3}
2026-09-15 16:40:33,061 INFO app.web.services.market_data.sources.nse_scraper {"event": "scraper_snapshots_fetched", "ticker": "TPSE-R", "rows": 0}
2026-09-15 16:40:33,131 INFO app.web.services.market_data.sources.nse_scraper {"event": "scraper_snapshots_fetched", "ticker": "TRFC", "rows": 3}
2026-09-15 16:40:33,134 INFO app.web.services.market_data.sources.nse_scraper {"event": "scraper_snapshots_fetched", "ticker": "UCHM", "rows": 3}
2026-09-15 16:40:33,138 INFO app.web.services.market_data.sources.nse_scraper {"event": "scraper_snapshots_fetched", "ticker": "UMME", "rows": 3}
2026-09-15 16:40:33,144 INFO app.web.services.market_data.sources.nse_scraper {"event": "scraper_snapshots_fetched", "ticker": "UNGA", "rows": 3}
2026-09-15 16:40:33,149 INFO app.web.services.market_data.sources.nse_scraper {"event": "scraper_snapshots_fetched", "ticker": "UTK", "rows": 0}
2026-09-15 16:40:33,151 INFO app.web.services.market_data.sources.nse_scraper {"event": "scraper_snapshots_fetched", "ticker": "WTK", "rows": 3}
2026-09-15 16:40:33,152 INFO app.web.services.market_data.sources.nse_scraper {"event": "scraper_snapshots_fetched", "ticker": "XPRS", "rows": 3}
2026-09-15 16:40:33,154 INFO app.web.services.market_data.sources.nse_scraper {"event": "scraper_snapshots_fetched", "ticker": "^FNK15", "rows": 0}
2026-09-15 16:40:33,155 INFO app.web.services.market_data.sources.nse_scraper {"event": "scraper_snapshots_fetched", "ticker": "^FNK25", "rows": 0}
2026-09-15 16:40:33,155 INFO app.web.services.market_data.sources.nse_scraper {"event": "scraper_snapshots_fetched", "ticker": "^N10I", "rows": 0}
2026-09-15 16:40:33,156 INFO app.web.services.market_data.sources.nse_scraper {"event": "scraper_snapshots_fetched", "ticker": "^N20I", "rows": 0}
2026-09-15 16:40:33,157 INFO app.web.services.market_data.sources.nse_scraper {"event": "scraper_snapshots_fetched", "ticker": "^N25I", "rows": 0}
2026-09-15 16:40:33,159 INFO app.web.services.market_data.sources.nse_scraper {"event": "scraper_snapshots_fetched", "ticker": "^NASI", "rows": 0}
2026-09-15 16:40:33,160 INFO app.web.services.market_data.sources.nse_scraper {"event": "scraper_snapshots_fetched", "ticker": "^NBDI", "rows": 0}
2026-09-15 16:40:33,161 INFO app.web.services.market_data.sources.nse_scraper {"event": "scraper_snapshots_fetched", "ticker": "^ZKEQTK", "rows": 0}
2026-09-15 16:40:33,162 INFO app.web.services.market_data.sources.nse_scraper {"event": "scraper_snapshots_fetched", "ticker": "^ZKEQTU", "rows": 0}
2026-09-15 16:40:35,937 INFO app.web.services.analytics.liquidity.service {"event": "liquidity_computed", "as_of": "2026-09-15", "processed": 102, "rows": 1122, "calc_version_id": 13}
2026-09-15 16:41:36,536 INFO app.web.services.market_data.sources.nse_scraper {"event": "scraper_observations_bulk_fetched", "tickers": 102, "rows": 287978}
2026-09-15 16:41:57,545 INFO app.web.services.market_data.sources.nse_scraper {"event": "scraper_statements_fetched", "ticker": "ABSA", "rows": 0}
2026-09-15 16:41:57,549 INFO app.web.services.market_data.sources.nse_scraper {"event": "scraper_statements_fetched", "ticker": "ACCS", "rows": 0}
2026-09-15 16:41:57,552 INFO app.web.services.market_data.sources.nse_scraper {"event": "scraper_statements_fetched", "ticker": "ALP", "rows": 0}
2026-09-15 16:41:57,555 INFO app.web.services.market_data.sources.nse_scraper {"event": "scraper_statements_fetched", "ticker": "AMAC", "rows": 0}
2026-09-15 16:41:57,557 INFO app.web.services.market_data.sources.nse_scraper {"event": "scraper_statements_fetched", "ticker": "ARM", "rows": 0}
2026-09-15 16:41:57,628 INFO app.web.services.market_data.sources.nse_scraper {"event": "scraper_statements_fetched", "ticker": "BAMB", "rows": 0}
2026-09-15 16:41:57,928 INFO app.web.services.market_data.sources.nse_scraper {"event": "scraper_statements_fetched", "ticker": "BAT", "rows": 2295}
2026-09-15 16:41:58,153 INFO app.web.services.market_data.sources.nse_scraper {"event": "scraper_statements_fetched", "ticker": "BAUM", "rows": 0}
2026-09-15 16:41:58,231 INFO app.web.services.market_data.sources.nse_scraper {"event": "scraper_statements_fetched", "ticker": "BERG", "rows": 0}
2026-09-15 16:41:58,728 INFO app.web.services.market_data.sources.nse_scraper {"event": "scraper_statements_fetched", "ticker": "BKG", "rows": 2612}
2026-09-15 16:41:59,032 INFO app.web.services.market_data.sources.nse_scraper {"event": "scraper_statements_fetched", "ticker": "BOC", "rows": 0}
2026-09-15 16:41:59,439 INFO app.web.services.market_data.sources.nse_scraper {"event": "scraper_statements_fetched", "ticker": "BRIT", "rows": 2456}
2026-09-15 16:41:59,854 INFO app.web.services.market_data.sources.nse_scraper {"event": "scraper_statements_fetched", "ticker": "CABL", "rows": 0}
2026-09-15 16:41:59,855 INFO app.web.services.market_data.sources.nse_scraper {"event": "scraper_statements_fetched", "ticker": "CARB", "rows": 0}
2026-09-15 16:41:59,857 INFO app.web.services.market_data.sources.nse_scraper {"event": "scraper_statements_fetched", "ticker": "CFC-R", "rows": 0}
2026-09-15 16:42:00,247 INFO app.web.services.market_data.sources.nse_scraper {"event": "scraper_statements_fetched", "ticker": "CGEN", "rows": 2522}
2026-09-15 16:42:00,731 INFO app.web.services.market_data.sources.nse_scraper {"event": "scraper_statements_fetched", "ticker": "CIC", "rows": 0}
2026-09-15 16:42:00,735 INFO app.web.services.market_data.sources.nse_scraper {"event": "scraper_statements_fetched", "ticker": "CITY", "rows": 0}
2026-09-15 16:42:00,736 INFO app.web.services.market_data.sources.nse_scraper {"event": "scraper_statements_fetched", "ticker": "CMC", "rows": 0}
2026-09-15 16:42:00,738 INFO app.web.services.market_data.sources.nse_scraper {"event": "scraper_statements_fetched", "ticker": "COOP", "rows": 0}
2026-09-15 16:42:00,741 INFO app.web.services.market_data.sources.nse_scraper {"event": "scraper_statements_fetched", "ticker": "CRWN", "rows": 0}
2026-09-15 16:42:00,744 INFO app.web.services.market_data.sources.nse_scraper {"event": "scraper_statements_fetched", "ticker": "CTUM", "rows": 0}
2026-09-15 16:42:00,747 INFO app.web.services.market_data.sources.nse_scraper {"event": "scraper_statements_fetched", "ticker": "DCON", "rows": 0}
2026-09-15 16:42:01,160 INFO app.web.services.market_data.sources.nse_scraper {"event": "scraper_statements_fetched", "ticker": "DTK", "rows": 2914}
2026-09-15 16:42:01,629 INFO app.web.services.market_data.sources.nse_scraper {"event": "scraper_statements_fetched", "ticker": "DTK-R", "rows": 0}
2026-09-15 16:42:01,631 INFO app.web.services.market_data.sources.nse_scraper {"event": "scraper_statements_fetched", "ticker": "EABL", "rows": 0}
2026-09-15 16:42:01,632 INFO app.web.services.market_data.sources.nse_scraper {"event": "scraper_statements_fetched", "ticker": "EGAD", "rows": 0}
2026-09-15 16:42:02,139 INFO app.web.services.market_data.sources.nse_scraper {"event": "scraper_statements_fetched", "ticker": "EQTY", "rows": 2938}
2026-09-15 16:42:02,558 INFO app.web.services.market_data.sources.nse_scraper {"event": "scraper_statements_fetched", "ticker": "EVRD", "rows": 0}
2026-09-15 16:42:02,632 INFO app.web.services.market_data.sources.nse_scraper {"event": "scraper_statements_fetched", "ticker": "FMLY", "rows": 0}
2026-09-15 16:42:02,633 INFO app.web.services.market_data.sources.nse_scraper {"event": "scraper_statements_fetched", "ticker": "FTGH", "rows": 0}
2026-09-15 16:42:02,634 INFO app.web.services.market_data.sources.nse_scraper {"event": "scraper_statements_fetched", "ticker": "GLD", "rows": 0}
2026-09-15 16:42:02,636 INFO app.web.services.market_data.sources.nse_scraper {"event": "scraper_statements_fetched", "ticker": "HAFR", "rows": 0}
2026-09-15 16:42:02,638 INFO app.web.services.market_data.sources.nse_scraper {"event": "scraper_statements_fetched", "ticker": "HBE", "rows": 0}
2026-09-15 16:42:03,059 INFO app.web.services.market_data.sources.nse_scraper {"event": "scraper_statements_fetched", "ticker": "HFCK", "rows": 2693}
2026-09-15 16:42:03,356 INFO app.web.services.market_data.sources.nse_scraper {"event": "scraper_statements_fetched", "ticker": "HFCK-R", "rows": 0}
2026-09-15 16:42:03,358 INFO app.web.services.market_data.sources.nse_scraper {"event": "scraper_statements_fetched", "ticker": "ICDC", "rows": 0}
2026-09-15 16:42:03,437 INFO app.web.services.market_data.sources.nse_scraper {"event": "scraper_statements_fetched", "ticker": "IMH", "rows": 0}
2026-09-15 16:42:03,658 INFO app.web.services.market_data.sources.nse_scraper {"event": "scraper_statements_fetched", "ticker": "JUB", "rows": 2478}
2026-09-15 16:42:03,955 INFO app.web.services.market_data.sources.nse_scraper {"event": "scraper_statements_fetched", "ticker": "KAPC", "rows": 0}
2026-09-15 16:42:04,260 INFO app.web.services.market_data.sources.nse_scraper {"event": "scraper_statements_fetched", "ticker": "KCB", "rows": 2879}
2026-09-15 16:42:04,842 INFO app.web.services.market_data.sources.nse_scraper {"event": "scraper_statements_fetched", "ticker": "KCB-R", "rows": 0}
2026-09-15 16:42:05,543 INFO app.web.services.market_data.sources.nse_scraper {"event": "scraper_statements_fetched", "ticker": "KEGN", "rows": 2336}
2026-09-15 16:42:05,942 INFO app.web.services.market_data.sources.nse_scraper {"event": "scraper_statements_fetched", "ticker": "KENO", "rows": 0}
2026-09-15 16:42:06,244 INFO app.web.services.market_data.sources.nse_scraper {"event": "scraper_statements_fetched", "ticker": "KNRE", "rows": 2073}
2026-09-15 16:42:06,646 INFO app.web.services.market_data.sources.nse_scraper {"event": "scraper_statements_fetched", "ticker": "KPC", "rows": 0}
2026-09-15 16:42:06,748 INFO app.web.services.market_data.sources.nse_scraper {"event": "scraper_statements_fetched", "ticker": "KPLC", "rows": 406}
2026-09-15 16:42:06,859 INFO app.web.services.market_data.sources.nse_scraper {"event": "scraper_statements_fetched", "ticker": "KPLC-P4", "rows": 0}
2026-09-15 16:42:06,860 INFO app.web.services.market_data.sources.nse_scraper {"event": "scraper_statements_fetched", "ticker": "KPLC-P7", "rows": 0}
2026-09-15 16:42:06,861 INFO app.web.services.market_data.sources.nse_scraper {"event": "scraper_statements_fetched", "ticker": "KPLC-R", "rows": 0}
2026-09-15 16:42:07,344 INFO app.web.services.market_data.sources.nse_scraper {"event": "scraper_statements_fetched", "ticker": "KQ", "rows": 2398}
2026-09-15 16:42:07,553 INFO app.web.services.market_data.sources.nse_scraper {"event": "scraper_statements_fetched", "ticker": "KQ-R", "rows": 0}
2026-09-15 16:42:07,554 INFO app.web.services.market_data.sources.nse_scraper {"event": "scraper_statements_fetched", "ticker": "KUKZ", "rows": 0}
2026-09-15 16:42:07,555 INFO app.web.services.market_data.sources.nse_scraper {"event": "scraper_statements_fetched", "ticker": "KURV", "rows": 0}
2026-09-15 16:42:07,556 INFO app.web.services.market_data.sources.nse_scraper {"event": "scraper_statements_fetched", "ticker": "LAPR", "rows": 0}
2026-09-15 16:42:07,628 INFO app.web.services.market_data.sources.nse_scraper {"event": "scraper_statements_fetched", "ticker": "LBTY", "rows": 0}
2026-09-15 16:42:07,630 INFO app.web.services.market_data.sources.nse_scraper {"event": "scraper_statements_fetched", "ticker": "LIMT", "rows": 0}
2026-09-15 16:42:07,631 INFO app.web.services.market_data.sources.nse_scraper {"event": "scraper_statements_fetched", "ticker": "LKL", "rows": 0}
2026-09-15 16:42:07,632 INFO app.web.services.market_data.sources.nse_scraper {"event": "scraper_statements_fetched", "ticker": "MASH", "rows": 0}
2026-09-15 16:42:07,634 INFO app.web.services.market_data.sources.nse_scraper {"event": "scraper_statements_fetched", "ticker": "MSC", "rows": 0}
2026-09-15 16:42:07,635 INFO app.web.services.market_data.sources.nse_scraper {"event": "scraper_statements_fetched", "ticker": "NBK", "rows": 0}
2026-09-15 16:42:07,637 INFO app.web.services.market_data.sources.nse_scraper {"event": "scraper_statements_fetched", "ticker": "NBV", "rows": 0}
2026-09-15 16:42:07,639 INFO app.web.services.market_data.sources.nse_scraper {"event": "scraper_statements_fetched", "ticker": "NCBA", "rows": 0}
2026-09-15 16:42:07,641 INFO app.web.services.market_data.sources.nse_scraper {"event": "scraper_statements_fetched", "ticker": "NIC-R", "rows": 0}
2026-09-15 16:42:07,643 INFO app.web.services.market_data.sources.nse_scraper {"event": "scraper_statements_fetched", "ticker": "NMG", "rows": 0}
2026-09-15 16:42:07,646 INFO app.web.services.market_data.sources.nse_scraper {"event": "scraper_statements_fetched", "ticker": "NSE", "rows": 0}
2026-09-15 16:42:07,648 INFO app.web.services.market_data.sources.nse_scraper {"event": "scraper_statements_fetched", "ticker": "OCH", "rows": 0}
2026-09-15 16:42:07,650 INFO app.web.services.market_data.sources.nse_scraper {"event": "scraper_statements_fetched", "ticker": "OCH-R", "rows": 0}
2026-09-15 16:42:07,651 INFO app.web.services.market_data.sources.nse_scraper {"event": "scraper_statements_fetched", "ticker": "ORCH", "rows": 0}
2026-09-15 16:42:07,654 INFO app.web.services.market_data.sources.nse_scraper {"event": "scraper_statements_fetched", "ticker": "PAFR", "rows": 0}
2026-09-15 16:42:07,655 INFO app.web.services.market_data.sources.nse_scraper {"event": "scraper_statements_fetched", "ticker": "PORT", "rows": 0}
2026-09-15 16:42:07,656 INFO app.web.services.market_data.sources.nse_scraper {"event": "scraper_statements_fetched", "ticker": "REA", "rows": 0}
2026-09-15 16:42:07,658 INFO app.web.services.market_data.sources.nse_scraper {"event": "scraper_statements_fetched", "ticker": "SASN", "rows": 0}
2026-09-15 16:42:08,042 INFO app.web.services.market_data.sources.nse_scraper {"event": "scraper_statements_fetched", "ticker": "SBIC", "rows": 2019}
2026-09-15 16:42:08,433 INFO app.web.services.market_data.sources.nse_scraper {"event": "scraper_statements_fetched", "ticker": "SCAN", "rows": 0}
2026-09-15 16:42:08,448 INFO app.web.services.market_data.sources.nse_scraper {"event": "scraper_statements_fetched", "ticker": "SCBK", "rows": 396}
2026-09-15 16:42:08,530 INFO app.web.services.market_data.sources.nse_scraper {"event": "scraper_statements_fetched", "ticker": "SCBK-R", "rows": 0}
2026-09-15 16:42:08,834 INFO app.web.services.market_data.sources.nse_scraper {"event": "scraper_statements_fetched", "ticker": "SCOM", "rows": 2612}
2026-09-15 16:42:09,039 INFO app.web.services.market_data.sources.nse_scraper {"event": "scraper_statements_fetched", "ticker": "SGL", "rows": 0}
2026-09-15 16:42:09,040 INFO app.web.services.market_data.sources.nse_scraper {"event": "scraper_statements_fetched", "ticker": "SKL", "rows": 0}
2026-09-15 16:42:09,040 INFO app.web.services.market_data.sources.nse_scraper {"event": "scraper_statements_fetched", "ticker": "SLAM", "rows": 0}
2026-09-15 16:42:09,041 INFO app.web.services.market_data.sources.nse_scraper {"event": "scraper_statements_fetched", "ticker": "SMER", "rows": 0}
2026-09-15 16:42:09,042 INFO app.web.services.market_data.sources.nse_scraper {"event": "scraper_statements_fetched", "ticker": "TCL", "rows": 0}
2026-09-15 16:42:09,430 INFO app.web.services.market_data.sources.nse_scraper {"event": "scraper_statements_fetched", "ticker": "TOTL", "rows": 2396}
2026-09-15 16:42:09,545 INFO app.web.services.market_data.sources.nse_scraper {"event": "scraper_statements_fetched", "ticker": "TPSE", "rows": 0}
2026-09-15 16:42:09,547 INFO app.web.services.market_data.sources.nse_scraper {"event": "scraper_statements_fetched", "ticker": "TPSE-R", "rows": 0}
2026-09-15 16:42:09,547 INFO app.web.services.market_data.sources.nse_scraper {"event": "scraper_statements_fetched", "ticker": "TRFC", "rows": 0}
2026-09-15 16:42:09,548 INFO app.web.services.market_data.sources.nse_scraper {"event": "scraper_statements_fetched", "ticker": "UCHM", "rows": 0}
2026-09-15 16:42:09,550 INFO app.web.services.market_data.sources.nse_scraper {"event": "scraper_statements_fetched", "ticker": "UMME", "rows": 0}
2026-09-15 16:42:09,551 INFO app.web.services.market_data.sources.nse_scraper {"event": "scraper_statements_fetched", "ticker": "UNGA", "rows": 0}
2026-09-15 16:42:09,552 INFO app.web.services.market_data.sources.nse_scraper {"event": "scraper_statements_fetched", "ticker": "UTK", "rows": 0}
2026-09-15 16:42:09,552 INFO app.web.services.market_data.sources.nse_scraper {"event": "scraper_statements_fetched", "ticker": "WTK", "rows": 0}
2026-09-15 16:42:09,553 INFO app.web.services.market_data.sources.nse_scraper {"event": "scraper_statements_fetched", "ticker": "XPRS", "rows": 0}
2026-09-15 16:42:09,554 INFO app.web.services.market_data.sources.nse_scraper {"event": "scraper_statements_fetched", "ticker": "^FNK15", "rows": 0}
2026-09-15 16:42:09,555 INFO app.web.services.market_data.sources.nse_scraper {"event": "scraper_statements_fetched", "ticker": "^FNK25", "rows": 0}
2026-09-15 16:42:09,628 INFO app.web.services.market_data.sources.nse_scraper {"event": "scraper_statements_fetched", "ticker": "^N10I", "rows": 0}
2026-09-15 16:42:09,629 INFO app.web.services.market_data.sources.nse_scraper {"event": "scraper_statements_fetched", "ticker": "^N20I", "rows": 0}
2026-09-15 16:42:09,630 INFO app.web.services.market_data.sources.nse_scraper {"event": "scraper_statements_fetched", "ticker": "^N25I", "rows": 0}
2026-09-15 16:42:09,631 INFO app.web.services.market_data.sources.nse_scraper {"event": "scraper_statements_fetched", "ticker": "^NASI", "rows": 0}
2026-09-15 16:42:09,632 INFO app.web.services.market_data.sources.nse_scraper {"event": "scraper_statements_fetched", "ticker": "^NBDI", "rows": 0}
2026-09-15 16:42:09,633 INFO app.web.services.market_data.sources.nse_scraper {"event": "scraper_statements_fetched", "ticker": "^ZKEQTK", "rows": 0}
2026-09-15 16:42:09,635 INFO app.web.services.market_data.sources.nse_scraper {"event": "scraper_statements_fetched", "ticker": "^ZKEQTU", "rows": 0}
2026-09-15 16:42:14,533 INFO app.web.services.analytics.valuation_metrics.service {"event": "valuation_metrics_computed", "as_of": "2026-09-15", "processed": 17, "skipped": 85, "rows": 544, "calc_version_id": 13}
2026-09-15 16:42:17,365 INFO app.web.services.analytics.factors.service {"event": "factors_computed", "as_of": "2026-09-15", "universe": 89, "rows": 623, "known": {"value": 13, "dividend": 11}, "calc_version_id": 13}
2026-09-15 16:42:18,341 INFO app.web.services.analytics.ranking.service {"event": "rankings_computed", "as_of": "2026-09-15", "universe": 89, "scored": 0, "rows": 89, "calc_version_id": 13}
2026-09-15 16:43:40,453 INFO app.web.services.market_data.sources.nse_scraper {"event": "scraper_observations_bulk_fetched", "tickers": 102, "rows": 287978}
2026-09-15 16:43:57,953 INFO app.web.services.market_data.sources.nse_scraper {"event": "scraper_statements_fetched", "ticker": "ABSA", "rows": 0}
2026-09-15 16:43:57,955 INFO app.web.services.market_data.sources.nse_scraper {"event": "scraper_statements_fetched", "ticker": "ACCS", "rows": 0}
2026-09-15 16:43:57,956 INFO app.web.services.market_data.sources.nse_scraper {"event": "scraper_statements_fetched", "ticker": "ALP", "rows": 0}
2026-09-15 16:43:58,030 INFO app.web.services.market_data.sources.nse_scraper {"event": "scraper_statements_fetched", "ticker": "AMAC", "rows": 0}
2026-09-15 16:43:58,034 INFO app.web.services.market_data.sources.nse_scraper {"event": "scraper_statements_fetched", "ticker": "ARM", "rows": 0}
2026-09-15 16:43:58,036 INFO app.web.services.market_data.sources.nse_scraper {"event": "scraper_statements_fetched", "ticker": "BAMB", "rows": 0}
2026-09-15 16:43:58,249 INFO app.web.services.market_data.sources.nse_scraper {"event": "scraper_statements_fetched", "ticker": "BAT", "rows": 2295}
2026-09-15 16:43:58,535 INFO app.web.services.market_data.sources.nse_scraper {"event": "scraper_statements_fetched", "ticker": "BAUM", "rows": 0}
2026-09-15 16:43:58,536 INFO app.web.services.market_data.sources.nse_scraper {"event": "scraper_statements_fetched", "ticker": "BERG", "rows": 0}
2026-09-15 16:43:58,733 INFO app.web.services.market_data.sources.nse_scraper {"event": "scraper_statements_fetched", "ticker": "BKG", "rows": 2612}
2026-09-15 16:43:58,855 INFO app.web.services.market_data.sources.nse_scraper {"event": "scraper_statements_fetched", "ticker": "BOC", "rows": 0}
2026-09-15 16:43:59,059 INFO app.web.services.market_data.sources.nse_scraper {"event": "scraper_statements_fetched", "ticker": "BRIT", "rows": 2456}
2026-09-15 16:43:59,245 INFO app.web.services.market_data.sources.nse_scraper {"event": "scraper_statements_fetched", "ticker": "CABL", "rows": 0}
2026-09-15 16:43:59,249 INFO app.web.services.market_data.sources.nse_scraper {"event": "scraper_statements_fetched", "ticker": "CARB", "rows": 0}
2026-09-15 16:43:59,253 INFO app.web.services.market_data.sources.nse_scraper {"event": "scraper_statements_fetched", "ticker": "CFC-R", "rows": 0}
2026-09-15 16:43:59,459 INFO app.web.services.market_data.sources.nse_scraper {"event": "scraper_statements_fetched", "ticker": "CGEN", "rows": 2522}
2026-09-15 16:43:59,676 INFO app.web.services.market_data.sources.nse_scraper {"event": "scraper_statements_fetched", "ticker": "CIC", "rows": 0}
2026-09-15 16:43:59,680 INFO app.web.services.market_data.sources.nse_scraper {"event": "scraper_statements_fetched", "ticker": "CITY", "rows": 0}
2026-09-15 16:43:59,683 INFO app.web.services.market_data.sources.nse_scraper {"event": "scraper_statements_fetched", "ticker": "CMC", "rows": 0}
2026-09-15 16:43:59,684 INFO app.web.services.market_data.sources.nse_scraper {"event": "scraper_statements_fetched", "ticker": "COOP", "rows": 0}
2026-09-15 16:43:59,685 INFO app.web.services.market_data.sources.nse_scraper {"event": "scraper_statements_fetched", "ticker": "CRWN", "rows": 0}
2026-09-15 16:43:59,686 INFO app.web.services.market_data.sources.nse_scraper {"event": "scraper_statements_fetched", "ticker": "CTUM", "rows": 0}
2026-09-15 16:43:59,686 INFO app.web.services.market_data.sources.nse_scraper {"event": "scraper_statements_fetched", "ticker": "DCON", "rows": 0}
2026-09-15 16:43:59,953 INFO app.web.services.market_data.sources.nse_scraper {"event": "scraper_statements_fetched", "ticker": "DTK", "rows": 2914}
2026-09-15 16:44:00,063 INFO app.web.services.market_data.sources.nse_scraper {"event": "scraper_statements_fetched", "ticker": "DTK-R", "rows": 0}
2026-09-15 16:44:00,064 INFO app.web.services.market_data.sources.nse_scraper {"event": "scraper_statements_fetched", "ticker": "EABL", "rows": 0}
2026-09-15 16:44:00,065 INFO app.web.services.market_data.sources.nse_scraper {"event": "scraper_statements_fetched", "ticker": "EGAD", "rows": 0}
2026-09-15 16:44:00,261 INFO app.web.services.market_data.sources.nse_scraper {"event": "scraper_statements_fetched", "ticker": "EQTY", "rows": 2938}
2026-09-15 16:44:00,649 INFO app.web.services.market_data.sources.nse_scraper {"event": "scraper_statements_fetched", "ticker": "EVRD", "rows": 0}
2026-09-15 16:44:00,650 INFO app.web.services.market_data.sources.nse_scraper {"event": "scraper_statements_fetched", "ticker": "FMLY", "rows": 0}
2026-09-15 16:44:00,651 INFO app.web.services.market_data.sources.nse_scraper {"event": "scraper_statements_fetched", "ticker": "FTGH", "rows": 0}
2026-09-15 16:44:00,652 INFO app.web.services.market_data.sources.nse_scraper {"event": "scraper_statements_fetched", "ticker": "GLD", "rows": 0}
2026-09-15 16:44:00,653 INFO app.web.services.market_data.sources.nse_scraper {"event": "scraper_statements_fetched", "ticker": "HAFR", "rows": 0}
2026-09-15 16:44:00,654 INFO app.web.services.market_data.sources.nse_scraper {"event": "scraper_statements_fetched", "ticker": "HBE", "rows": 0}
2026-09-15 16:44:01,159 INFO app.web.services.market_data.sources.nse_scraper {"event": "scraper_statements_fetched", "ticker": "HFCK", "rows": 2693}
2026-09-15 16:44:01,851 INFO app.web.services.market_data.sources.nse_scraper {"event": "scraper_statements_fetched", "ticker": "HFCK-R", "rows": 0}
2026-09-15 16:44:01,852 INFO app.web.services.market_data.sources.nse_scraper {"event": "scraper_statements_fetched", "ticker": "ICDC", "rows": 0}
2026-09-15 16:44:01,853 INFO app.web.services.market_data.sources.nse_scraper {"event": "scraper_statements_fetched", "ticker": "IMH", "rows": 0}
2026-09-15 16:44:02,343 INFO app.web.services.market_data.sources.nse_scraper {"event": "scraper_statements_fetched", "ticker": "JUB", "rows": 2478}
2026-09-15 16:44:02,631 INFO app.web.services.market_data.sources.nse_scraper {"event": "scraper_statements_fetched", "ticker": "KAPC", "rows": 0}
2026-09-15 16:44:03,345 INFO app.web.services.market_data.sources.nse_scraper {"event": "scraper_statements_fetched", "ticker": "KCB", "rows": 2879}
2026-09-15 16:44:04,345 INFO app.web.services.market_data.sources.nse_scraper {"event": "scraper_statements_fetched", "ticker": "KCB-R", "rows": 0}
2026-09-15 16:44:04,933 INFO app.web.services.market_data.sources.nse_scraper {"event": "scraper_statements_fetched", "ticker": "KEGN", "rows": 2336}
2026-09-15 16:44:05,151 INFO app.web.services.market_data.sources.nse_scraper {"event": "scraper_statements_fetched", "ticker": "KENO", "rows": 0}
2026-09-15 16:44:05,529 INFO app.web.services.market_data.sources.nse_scraper {"event": "scraper_statements_fetched", "ticker": "KNRE", "rows": 2073}
2026-09-15 16:44:05,659 INFO app.web.services.market_data.sources.nse_scraper {"event": "scraper_statements_fetched", "ticker": "KPC", "rows": 0}
2026-09-15 16:44:05,744 INFO app.web.services.market_data.sources.nse_scraper {"event": "scraper_statements_fetched", "ticker": "KPLC", "rows": 406}
2026-09-15 16:44:05,754 INFO app.web.services.market_data.sources.nse_scraper {"event": "scraper_statements_fetched", "ticker": "KPLC-P4", "rows": 0}
2026-09-15 16:44:05,755 INFO app.web.services.market_data.sources.nse_scraper {"event": "scraper_statements_fetched", "ticker": "KPLC-P7", "rows": 0}
2026-09-15 16:44:05,756 INFO app.web.services.market_data.sources.nse_scraper {"event": "scraper_statements_fetched", "ticker": "KPLC-R", "rows": 0}
2026-09-15 16:44:06,004 INFO app.web.services.market_data.sources.nse_scraper {"event": "scraper_statements_fetched", "ticker": "KQ", "rows": 2398}
2026-09-15 16:44:06,215 INFO app.web.services.market_data.sources.nse_scraper {"event": "scraper_statements_fetched", "ticker": "KQ-R", "rows": 0}
2026-09-15 16:44:06,216 INFO app.web.services.market_data.sources.nse_scraper {"event": "scraper_statements_fetched", "ticker": "KUKZ", "rows": 0}
2026-09-15 16:44:06,217 INFO app.web.services.market_data.sources.nse_scraper {"event": "scraper_statements_fetched", "ticker": "KURV", "rows": 0}
2026-09-15 16:44:06,218 INFO app.web.services.market_data.sources.nse_scraper {"event": "scraper_statements_fetched", "ticker": "LAPR", "rows": 0}
2026-09-15 16:44:06,219 INFO app.web.services.market_data.sources.nse_scraper {"event": "scraper_statements_fetched", "ticker": "LBTY", "rows": 0}
2026-09-15 16:44:06,220 INFO app.web.services.market_data.sources.nse_scraper {"event": "scraper_statements_fetched", "ticker": "LIMT", "rows": 0}
2026-09-15 16:44:06,221 INFO app.web.services.market_data.sources.nse_scraper {"event": "scraper_statements_fetched", "ticker": "LKL", "rows": 0}
2026-09-15 16:44:06,228 INFO app.web.services.market_data.sources.nse_scraper {"event": "scraper_statements_fetched", "ticker": "MASH", "rows": 0}
2026-09-15 16:44:06,229 INFO app.web.services.market_data.sources.nse_scraper {"event": "scraper_statements_fetched", "ticker": "MSC", "rows": 0}
2026-09-15 16:44:06,230 INFO app.web.services.market_data.sources.nse_scraper {"event": "scraper_statements_fetched", "ticker": "NBK", "rows": 0}
2026-09-15 16:44:06,231 INFO app.web.services.market_data.sources.nse_scraper {"event": "scraper_statements_fetched", "ticker": "NBV", "rows": 0}
2026-09-15 16:44:06,232 INFO app.web.services.market_data.sources.nse_scraper {"event": "scraper_statements_fetched", "ticker": "NCBA", "rows": 0}
2026-09-15 16:44:06,233 INFO app.web.services.market_data.sources.nse_scraper {"event": "scraper_statements_fetched", "ticker": "NIC-R", "rows": 0}
2026-09-15 16:44:06,234 INFO app.web.services.market_data.sources.nse_scraper {"event": "scraper_statements_fetched", "ticker": "NMG", "rows": 0}
2026-09-15 16:44:06,235 INFO app.web.services.market_data.sources.nse_scraper {"event": "scraper_statements_fetched", "ticker": "NSE", "rows": 0}
2026-09-15 16:44:06,235 INFO app.web.services.market_data.sources.nse_scraper {"event": "scraper_statements_fetched", "ticker": "OCH", "rows": 0}
2026-09-15 16:44:06,236 INFO app.web.services.market_data.sources.nse_scraper {"event": "scraper_statements_fetched", "ticker": "OCH-R", "rows": 0}
2026-09-15 16:44:06,237 INFO app.web.services.market_data.sources.nse_scraper {"event": "scraper_statements_fetched", "ticker": "ORCH", "rows": 0}
2026-09-15 16:44:06,238 INFO app.web.services.market_data.sources.nse_scraper {"event": "scraper_statements_fetched", "ticker": "PAFR", "rows": 0}
2026-09-15 16:44:06,238 INFO app.web.services.market_data.sources.nse_scraper {"event": "scraper_statements_fetched", "ticker": "PORT", "rows": 0}
2026-09-15 16:44:06,239 INFO app.web.services.market_data.sources.nse_scraper {"event": "scraper_statements_fetched", "ticker": "REA", "rows": 0}
2026-09-15 16:44:06,240 INFO app.web.services.market_data.sources.nse_scraper {"event": "scraper_statements_fetched", "ticker": "SASN", "rows": 0}
2026-09-15 16:44:06,459 INFO app.web.services.market_data.sources.nse_scraper {"event": "scraper_statements_fetched", "ticker": "SBIC", "rows": 2019}
2026-09-15 16:44:06,564 INFO app.web.services.market_data.sources.nse_scraper {"event": "scraper_statements_fetched", "ticker": "SCAN", "rows": 0}
2026-09-15 16:44:06,636 INFO app.web.services.market_data.sources.nse_scraper {"event": "scraper_statements_fetched", "ticker": "SCBK", "rows": 396}
2026-09-15 16:44:06,648 INFO app.web.services.market_data.sources.nse_scraper {"event": "scraper_statements_fetched", "ticker": "SCBK-R", "rows": 0}
2026-09-15 16:44:06,939 INFO app.web.services.market_data.sources.nse_scraper {"event": "scraper_statements_fetched", "ticker": "SCOM", "rows": 2612}
2026-09-15 16:44:07,240 INFO app.web.services.market_data.sources.nse_scraper {"event": "scraper_statements_fetched", "ticker": "SGL", "rows": 0}
2026-09-15 16:44:07,241 INFO app.web.services.market_data.sources.nse_scraper {"event": "scraper_statements_fetched", "ticker": "SKL", "rows": 0}
2026-09-15 16:44:07,241 INFO app.web.services.market_data.sources.nse_scraper {"event": "scraper_statements_fetched", "ticker": "SLAM", "rows": 0}
2026-09-15 16:44:07,242 INFO app.web.services.market_data.sources.nse_scraper {"event": "scraper_statements_fetched", "ticker": "SMER", "rows": 0}
2026-09-15 16:44:07,243 INFO app.web.services.market_data.sources.nse_scraper {"event": "scraper_statements_fetched", "ticker": "TCL", "rows": 0}
2026-09-15 16:44:07,554 INFO app.web.services.market_data.sources.nse_scraper {"event": "scraper_statements_fetched", "ticker": "TOTL", "rows": 2396}
2026-09-15 16:44:07,750 INFO app.web.services.market_data.sources.nse_scraper {"event": "scraper_statements_fetched", "ticker": "TPSE", "rows": 0}
2026-09-15 16:44:07,751 INFO app.web.services.market_data.sources.nse_scraper {"event": "scraper_statements_fetched", "ticker": "TPSE-R", "rows": 0}
2026-09-15 16:44:07,752 INFO app.web.services.market_data.sources.nse_scraper {"event": "scraper_statements_fetched", "ticker": "TRFC", "rows": 0}
2026-09-15 16:44:07,752 INFO app.web.services.market_data.sources.nse_scraper {"event": "scraper_statements_fetched", "ticker": "UCHM", "rows": 0}
2026-09-15 16:44:07,753 INFO app.web.services.market_data.sources.nse_scraper {"event": "scraper_statements_fetched", "ticker": "UMME", "rows": 0}
2026-09-15 16:44:07,754 INFO app.web.services.market_data.sources.nse_scraper {"event": "scraper_statements_fetched", "ticker": "UNGA", "rows": 0}
2026-09-15 16:44:07,755 INFO app.web.services.market_data.sources.nse_scraper {"event": "scraper_statements_fetched", "ticker": "UTK", "rows": 0}
2026-09-15 16:44:07,755 INFO app.web.services.market_data.sources.nse_scraper {"event": "scraper_statements_fetched", "ticker": "WTK", "rows": 0}
2026-09-15 16:44:07,756 INFO app.web.services.market_data.sources.nse_scraper {"event": "scraper_statements_fetched", "ticker": "XPRS", "rows": 0}
2026-09-15 16:44:07,757 INFO app.web.services.market_data.sources.nse_scraper {"event": "scraper_statements_fetched", "ticker": "^FNK15", "rows": 0}
2026-09-15 16:44:07,829 INFO app.web.services.market_data.sources.nse_scraper {"event": "scraper_statements_fetched", "ticker": "^FNK25", "rows": 0}
2026-09-15 16:44:07,831 INFO app.web.services.market_data.sources.nse_scraper {"event": "scraper_statements_fetched", "ticker": "^N10I", "rows": 0}
2026-09-15 16:44:07,833 INFO app.web.services.market_data.sources.nse_scraper {"event": "scraper_statements_fetched", "ticker": "^N20I", "rows": 0}
2026-09-15 16:44:07,833 INFO app.web.services.market_data.sources.nse_scraper {"event": "scraper_statements_fetched", "ticker": "^N25I", "rows": 0}
2026-09-15 16:44:07,834 INFO app.web.services.market_data.sources.nse_scraper {"event": "scraper_statements_fetched", "ticker": "^NASI", "rows": 0}
2026-09-15 16:44:07,835 INFO app.web.services.market_data.sources.nse_scraper {"event": "scraper_statements_fetched", "ticker": "^NBDI", "rows": 0}
2026-09-15 16:44:07,836 INFO app.web.services.market_data.sources.nse_scraper {"event": "scraper_statements_fetched", "ticker": "^ZKEQTK", "rows": 0}
2026-09-15 16:44:07,837 INFO app.web.services.market_data.sources.nse_scraper {"event": "scraper_statements_fetched", "ticker": "^ZKEQTU", "rows": 0}
2026-09-15 16:44:09,748 INFO app.web.services.analytics.fair_value.service {"event": "fair_value_computed", "as_of": "2026-09-15", "instruments": 17, "rows": 58, "known": {"dcf": 6, "ev_ebitda": 5, "pe_relative": 5, "blended": 12, "ddm": 6}, "calc_version_id": 13}
2026-09-15 16:45:14,553 INFO app.web.services.market_data.sources.nse_scraper {"event": "scraper_observations_bulk_fetched", "tickers": 102, "rows": 287978}
2026-09-15 16:45:53,449 INFO app.web.services.analytics.scenarios.service {"event": "scenarios_computed", "as_of": "2026-09-15", "universe": 89, "rows": 180}
2026-09-15 16:45:53,736 INFO app.web.services.jobs.runner {"event": "pipeline_finished", "pipeline": "daily", "as_of": "2026-09-15", "counts": {"succeeded": 10}}
         pipeline daily as of 2026-09-15 (run 43)          
┏━━━━━━━━━━━━━━━━━━━┳━━━━━━━━━━━┳━━━━━━┳━━━━━━━━━┳━━━━━━━━┓
┃ Step              ┃ Status    ┃ Rows ┃ Seconds ┃ Reason ┃
┡━━━━━━━━━━━━━━━━━━━╇━━━━━━━━━━━╇━━━━━━╇━━━━━━━━━╇━━━━━━━━┩
│ data_quality      │ succeeded │   48 │    62.9 │        │
│ returns           │ succeeded │ 1020 │    77.1 │        │
│ momentum          │ succeeded │ 2346 │    89.3 │        │
│ risk              │ succeeded │ 1428 │   406.8 │        │
│ liquidity         │ succeeded │ 1122 │    81.3 │        │
│ valuation_metrics │ succeeded │  544 │    98.8 │        │
│ factors           │ succeeded │  623 │     2.6 │        │
│ rankings          │ succeeded │   89 │     0.9 │        │
│ fair_value        │ succeeded │   58 │   111.6 │        │
│ scenarios         │ succeeded │  180 │   103.6 │        │
└───────────────────┴───────────┴──────┴─────────┴────────┘
counts: succeeded 10
[2026-09-15T16:46:03+0200] OK pipeline=daily
[2026-09-15T16:46:03+0200] START pipeline=fundamentals args=
2026-09-15 16:47:31,933 INFO alembic.runtime.migration Context impl SQLiteImpl.
2026-09-15 16:47:31,933 INFO alembic.runtime.migration Will assume non-transactional DDL.
2026-09-15 16:47:32,145 INFO alembic.runtime.migration Context impl SQLiteImpl.
2026-09-15 16:47:32,146 INFO alembic.runtime.migration Will assume non-transactional DDL.
INFO  [alembic.runtime.migration] Context impl SQLiteImpl.
INFO  [alembic.runtime.migration] Will assume non-transactional DDL.
INFO  [alembic.runtime.migration] Context impl SQLiteImpl.
INFO  [alembic.runtime.migration] Will assume non-transactional DDL.
analytics store already at 20260915_0013: 
/home/kevin/Nairobi-stock-Exchange/data/nse_analytics.sqlite3
2026-09-15 16:49:05,834 INFO app.web.services.market_data.sources.nse_scraper {"event": "scraper_statements_fetched", "ticker": "ABSA", "rows": 0}
2026-09-15 16:49:05,836 INFO app.web.services.market_data.sources.nse_scraper {"event": "scraper_statements_fetched", "ticker": "ACCS", "rows": 0}
2026-09-15 16:49:05,837 INFO app.web.services.market_data.sources.nse_scraper {"event": "scraper_statements_fetched", "ticker": "ALP", "rows": 0}
2026-09-15 16:49:05,838 INFO app.web.services.market_data.sources.nse_scraper {"event": "scraper_statements_fetched", "ticker": "AMAC", "rows": 0}
2026-09-15 16:49:05,840 INFO app.web.services.market_data.sources.nse_scraper {"event": "scraper_statements_fetched", "ticker": "ARM", "rows": 0}
2026-09-15 16:49:05,843 INFO app.web.services.market_data.sources.nse_scraper {"event": "scraper_statements_fetched", "ticker": "BAMB", "rows": 0}
2026-09-15 16:49:06,060 INFO app.web.services.market_data.sources.nse_scraper {"event": "scraper_statements_fetched", "ticker": "BAT", "rows": 2295}
2026-09-15 16:49:06,150 INFO app.web.services.market_data.sources.nse_scraper {"event": "scraper_statements_fetched", "ticker": "BAUM", "rows": 0}
2026-09-15 16:49:06,151 INFO app.web.services.market_data.sources.nse_scraper {"event": "scraper_statements_fetched", "ticker": "BERG", "rows": 0}
2026-09-15 16:49:06,333 INFO app.web.services.market_data.sources.nse_scraper {"event": "scraper_statements_fetched", "ticker": "BKG", "rows": 2612}
2026-09-15 16:49:06,455 INFO app.web.services.market_data.sources.nse_scraper {"event": "scraper_statements_fetched", "ticker": "BOC", "rows": 0}
2026-09-15 16:49:06,649 INFO app.web.services.market_data.sources.nse_scraper {"event": "scraper_statements_fetched", "ticker": "BRIT", "rows": 2456}
2026-09-15 16:49:06,846 INFO app.web.services.market_data.sources.nse_scraper {"event": "scraper_statements_fetched", "ticker": "CABL", "rows": 0}
2026-09-15 16:49:06,847 INFO app.web.services.market_data.sources.nse_scraper {"event": "scraper_statements_fetched", "ticker": "CARB", "rows": 0}
2026-09-15 16:49:06,848 INFO app.web.services.market_data.sources.nse_scraper {"event": "scraper_statements_fetched", "ticker": "CFC-R", "rows": 0}
2026-09-15 16:49:07,038 INFO app.web.services.market_data.sources.nse_scraper {"event": "scraper_statements_fetched", "ticker": "CGEN", "rows": 2522}
2026-09-15 16:49:07,157 INFO app.web.services.market_data.sources.nse_scraper {"event": "scraper_statements_fetched", "ticker": "CIC", "rows": 0}
2026-09-15 16:49:07,159 INFO app.web.services.market_data.sources.nse_scraper {"event": "scraper_statements_fetched", "ticker": "CITY", "rows": 0}
2026-09-15 16:49:07,229 INFO app.web.services.market_data.sources.nse_scraper {"event": "scraper_statements_fetched", "ticker": "CMC", "rows": 0}
2026-09-15 16:49:07,230 INFO app.web.services.market_data.sources.nse_scraper {"event": "scraper_statements_fetched", "ticker": "COOP", "rows": 0}
2026-09-15 16:49:07,231 INFO app.web.services.market_data.sources.nse_scraper {"event": "scraper_statements_fetched", "ticker": "CRWN", "rows": 0}
2026-09-15 16:49:07,232 INFO app.web.services.market_data.sources.nse_scraper {"event": "scraper_statements_fetched", "ticker": "CTUM", "rows": 0}
2026-09-15 16:49:07,232 INFO app.web.services.market_data.sources.nse_scraper {"event": "scraper_statements_fetched", "ticker": "DCON", "rows": 0}
2026-09-15 16:49:07,356 INFO app.web.services.market_data.sources.nse_scraper {"event": "scraper_statements_fetched", "ticker": "DTK", "rows": 2914}
2026-09-15 16:49:07,465 INFO app.web.services.market_data.sources.nse_scraper {"event": "scraper_statements_fetched", "ticker": "DTK-R", "rows": 0}
2026-09-15 16:49:07,529 INFO app.web.services.market_data.sources.nse_scraper {"event": "scraper_statements_fetched", "ticker": "EABL", "rows": 0}
2026-09-15 16:49:07,531 INFO app.web.services.market_data.sources.nse_scraper {"event": "scraper_statements_fetched", "ticker": "EGAD", "rows": 0}
2026-09-15 16:49:07,654 INFO app.web.services.market_data.sources.nse_scraper {"event": "scraper_statements_fetched", "ticker": "EQTY", "rows": 2938}
2026-09-15 16:49:07,843 INFO app.web.services.market_data.sources.nse_scraper {"event": "scraper_statements_fetched", "ticker": "EVRD", "rows": 0}
2026-09-15 16:49:07,844 INFO app.web.services.market_data.sources.nse_scraper {"event": "scraper_statements_fetched", "ticker": "FMLY", "rows": 0}
2026-09-15 16:49:07,845 INFO app.web.services.market_data.sources.nse_scraper {"event": "scraper_statements_fetched", "ticker": "FTGH", "rows": 0}
2026-09-15 16:49:07,846 INFO app.web.services.market_data.sources.nse_scraper {"event": "scraper_statements_fetched", "ticker": "GLD", "rows": 0}
2026-09-15 16:49:07,846 INFO app.web.services.market_data.sources.nse_scraper {"event": "scraper_statements_fetched", "ticker": "HAFR", "rows": 0}
2026-09-15 16:49:07,847 INFO app.web.services.market_data.sources.nse_scraper {"event": "scraper_statements_fetched", "ticker": "HBE", "rows": 0}
2026-09-15 16:49:08,041 INFO app.web.services.market_data.sources.nse_scraper {"event": "scraper_statements_fetched", "ticker": "HFCK", "rows": 2693}
2026-09-15 16:49:10,129 INFO app.web.services.market_data.sources.nse_scraper {"event": "scraper_statements_fetched", "ticker": "HFCK-R", "rows": 0}
2026-09-15 16:49:10,130 INFO app.web.services.market_data.sources.nse_scraper {"event": "scraper_statements_fetched", "ticker": "ICDC", "rows": 0}
2026-09-15 16:49:10,131 INFO app.web.services.market_data.sources.nse_scraper {"event": "scraper_statements_fetched", "ticker": "IMH", "rows": 0}
2026-09-15 16:49:10,344 INFO app.web.services.market_data.sources.nse_scraper {"event": "scraper_statements_fetched", "ticker": "JUB", "rows": 2478}
2026-09-15 16:49:10,529 INFO app.web.services.market_data.sources.nse_scraper {"event": "scraper_statements_fetched", "ticker": "KAPC", "rows": 0}
2026-09-15 16:49:10,746 INFO app.web.services.market_data.sources.nse_scraper {"event": "scraper_statements_fetched", "ticker": "KCB", "rows": 2879}
2026-09-15 16:49:10,856 INFO app.web.services.market_data.sources.nse_scraper {"event": "scraper_statements_fetched", "ticker": "KCB-R", "rows": 0}
2026-09-15 16:49:10,951 INFO app.web.services.market_data.sources.nse_scraper {"event": "scraper_statements_fetched", "ticker": "KEGN", "rows": 2336}
2026-09-15 16:49:11,037 INFO app.web.services.market_data.sources.nse_scraper {"event": "scraper_statements_fetched", "ticker": "KENO", "rows": 0}
2026-09-15 16:49:11,133 INFO app.web.services.market_data.sources.nse_scraper {"event": "scraper_statements_fetched", "ticker": "KNRE", "rows": 2073}
2026-09-15 16:49:11,243 INFO app.web.services.market_data.sources.nse_scraper {"event": "scraper_statements_fetched", "ticker": "KPC", "rows": 0}
2026-09-15 16:49:11,260 INFO app.web.services.market_data.sources.nse_scraper {"event": "scraper_statements_fetched", "ticker": "KPLC", "rows": 406}
2026-09-15 16:49:11,267 INFO app.web.services.market_data.sources.nse_scraper {"event": "scraper_statements_fetched", "ticker": "KPLC-P4", "rows": 0}
2026-09-15 16:49:11,268 INFO app.web.services.market_data.sources.nse_scraper {"event": "scraper_statements_fetched", "ticker": "KPLC-P7", "rows": 0}
2026-09-15 16:49:11,269 INFO app.web.services.market_data.sources.nse_scraper {"event": "scraper_statements_fetched", "ticker": "KPLC-R", "rows": 0}
2026-09-15 16:49:11,352 INFO app.web.services.market_data.sources.nse_scraper {"event": "scraper_statements_fetched", "ticker": "KQ", "rows": 2398}
2026-09-15 16:49:11,390 INFO app.web.services.market_data.sources.nse_scraper {"event": "scraper_statements_fetched", "ticker": "KQ-R", "rows": 0}
2026-09-15 16:49:11,391 INFO app.web.services.market_data.sources.nse_scraper {"event": "scraper_statements_fetched", "ticker": "KUKZ", "rows": 0}
2026-09-15 16:49:11,392 INFO app.web.services.market_data.sources.nse_scraper {"event": "scraper_statements_fetched", "ticker": "KURV", "rows": 0}
2026-09-15 16:49:11,393 INFO app.web.services.market_data.sources.nse_scraper {"event": "scraper_statements_fetched", "ticker": "LAPR", "rows": 0}
2026-09-15 16:49:11,394 INFO app.web.services.market_data.sources.nse_scraper {"event": "scraper_statements_fetched", "ticker": "LBTY", "rows": 0}
2026-09-15 16:49:11,395 INFO app.web.services.market_data.sources.nse_scraper {"event": "scraper_statements_fetched", "ticker": "LIMT", "rows": 0}
2026-09-15 16:49:11,395 INFO app.web.services.market_data.sources.nse_scraper {"event": "scraper_statements_fetched", "ticker": "LKL", "rows": 0}
2026-09-15 16:49:11,396 INFO app.web.services.market_data.sources.nse_scraper {"event": "scraper_statements_fetched", "ticker": "MASH", "rows": 0}
2026-09-15 16:49:11,397 INFO app.web.services.market_data.sources.nse_scraper {"event": "scraper_statements_fetched", "ticker": "MSC", "rows": 0}
2026-09-15 16:49:11,398 INFO app.web.services.market_data.sources.nse_scraper {"event": "scraper_statements_fetched", "ticker": "NBK", "rows": 0}
2026-09-15 16:49:11,398 INFO app.web.services.market_data.sources.nse_scraper {"event": "scraper_statements_fetched", "ticker": "NBV", "rows": 0}
2026-09-15 16:49:11,399 INFO app.web.services.market_data.sources.nse_scraper {"event": "scraper_statements_fetched", "ticker": "NCBA", "rows": 0}
2026-09-15 16:49:11,400 INFO app.web.services.market_data.sources.nse_scraper {"event": "scraper_statements_fetched", "ticker": "NIC-R", "rows": 0}
2026-09-15 16:49:11,401 INFO app.web.services.market_data.sources.nse_scraper {"event": "scraper_statements_fetched", "ticker": "NMG", "rows": 0}
2026-09-15 16:49:11,401 INFO app.web.services.market_data.sources.nse_scraper {"event": "scraper_statements_fetched", "ticker": "NSE", "rows": 0}
2026-09-15 16:49:11,402 INFO app.web.services.market_data.sources.nse_scraper {"event": "scraper_statements_fetched", "ticker": "OCH", "rows": 0}
2026-09-15 16:49:11,403 INFO app.web.services.market_data.sources.nse_scraper {"event": "scraper_statements_fetched", "ticker": "OCH-R", "rows": 0}
2026-09-15 16:49:11,404 INFO app.web.services.market_data.sources.nse_scraper {"event": "scraper_statements_fetched", "ticker": "ORCH", "rows": 0}
2026-09-15 16:49:11,405 INFO app.web.services.market_data.sources.nse_scraper {"event": "scraper_statements_fetched", "ticker": "PAFR", "rows": 0}
2026-09-15 16:49:11,428 INFO app.web.services.market_data.sources.nse_scraper {"event": "scraper_statements_fetched", "ticker": "PORT", "rows": 0}
2026-09-15 16:49:11,429 INFO app.web.services.market_data.sources.nse_scraper {"event": "scraper_statements_fetched", "ticker": "REA", "rows": 0}
2026-09-15 16:49:11,430 INFO app.web.services.market_data.sources.nse_scraper {"event": "scraper_statements_fetched", "ticker": "SASN", "rows": 0}
2026-09-15 16:49:11,478 INFO app.web.services.market_data.sources.nse_scraper {"event": "scraper_statements_fetched", "ticker": "SBIC", "rows": 2019}
2026-09-15 16:49:11,532 INFO app.web.services.market_data.sources.nse_scraper {"event": "scraper_statements_fetched", "ticker": "SCAN", "rows": 0}
2026-09-15 16:49:11,542 INFO app.web.services.market_data.sources.nse_scraper {"event": "scraper_statements_fetched", "ticker": "SCBK", "rows": 396}
2026-09-15 16:49:11,549 INFO app.web.services.market_data.sources.nse_scraper {"event": "scraper_statements_fetched", "ticker": "SCBK-R", "rows": 0}
2026-09-15 16:49:11,672 INFO app.web.services.market_data.sources.nse_scraper {"event": "scraper_statements_fetched", "ticker": "SCOM", "rows": 2612}
2026-09-15 16:49:11,832 INFO app.web.services.market_data.sources.nse_scraper {"event": "scraper_statements_fetched", "ticker": "SGL", "rows": 0}
2026-09-15 16:49:11,833 INFO app.web.services.market_data.sources.nse_scraper {"event": "scraper_statements_fetched", "ticker": "SKL", "rows": 0}
2026-09-15 16:49:11,834 INFO app.web.services.market_data.sources.nse_scraper {"event": "scraper_statements_fetched", "ticker": "SLAM", "rows": 0}
2026-09-15 16:49:11,835 INFO app.web.services.market_data.sources.nse_scraper {"event": "scraper_statements_fetched", "ticker": "SMER", "rows": 0}
2026-09-15 16:49:11,837 INFO app.web.services.market_data.sources.nse_scraper {"event": "scraper_statements_fetched", "ticker": "TCL", "rows": 0}
2026-09-15 16:49:11,949 INFO app.web.services.market_data.sources.nse_scraper {"event": "scraper_statements_fetched", "ticker": "TOTL", "rows": 2396}
2026-09-15 16:49:12,228 INFO app.web.services.market_data.sources.nse_scraper {"event": "scraper_statements_fetched", "ticker": "TPSE", "rows": 0}
2026-09-15 16:49:12,230 INFO app.web.services.market_data.sources.nse_scraper {"event": "scraper_statements_fetched", "ticker": "TPSE-R", "rows": 0}
2026-09-15 16:49:12,232 INFO app.web.services.market_data.sources.nse_scraper {"event": "scraper_statements_fetched", "ticker": "TRFC", "rows": 0}
2026-09-15 16:49:12,233 INFO app.web.services.market_data.sources.nse_scraper {"event": "scraper_statements_fetched", "ticker": "UCHM", "rows": 0}
2026-09-15 16:49:12,234 INFO app.web.services.market_data.sources.nse_scraper {"event": "scraper_statements_fetched", "ticker": "UMME", "rows": 0}
2026-09-15 16:49:12,234 INFO app.web.services.market_data.sources.nse_scraper {"event": "scraper_statements_fetched", "ticker": "UNGA", "rows": 0}
2026-09-15 16:49:12,236 INFO app.web.services.market_data.sources.nse_scraper {"event": "scraper_statements_fetched", "ticker": "UTK", "rows": 0}
2026-09-15 16:49:12,239 INFO app.web.services.market_data.sources.nse_scraper {"event": "scraper_statements_fetched", "ticker": "WTK", "rows": 0}
2026-09-15 16:49:12,243 INFO app.web.services.market_data.sources.nse_scraper {"event": "scraper_statements_fetched", "ticker": "XPRS", "rows": 0}
2026-09-15 16:49:12,245 INFO app.web.services.market_data.sources.nse_scraper {"event": "scraper_statements_fetched", "ticker": "^FNK15", "rows": 0}
2026-09-15 16:49:12,245 INFO app.web.services.market_data.sources.nse_scraper {"event": "scraper_statements_fetched", "ticker": "^FNK25", "rows": 0}
2026-09-15 16:49:12,246 INFO app.web.services.market_data.sources.nse_scraper {"event": "scraper_statements_fetched", "ticker": "^N10I", "rows": 0}
2026-09-15 16:49:12,247 INFO app.web.services.market_data.sources.nse_scraper {"event": "scraper_statements_fetched", "ticker": "^N20I", "rows": 0}
2026-09-15 16:49:12,248 INFO app.web.services.market_data.sources.nse_scraper {"event": "scraper_statements_fetched", "ticker": "^N25I", "rows": 0}
2026-09-15 16:49:12,249 INFO app.web.services.market_data.sources.nse_scraper {"event": "scraper_statements_fetched", "ticker": "^NASI", "rows": 0}
2026-09-15 16:49:12,254 INFO app.web.services.market_data.sources.nse_scraper {"event": "scraper_statements_fetched", "ticker": "^NBDI", "rows": 0}
2026-09-15 16:49:12,255 INFO app.web.services.market_data.sources.nse_scraper {"event": "scraper_statements_fetched", "ticker": "^ZKEQTK", "rows": 0}
2026-09-15 16:49:12,256 INFO app.web.services.market_data.sources.nse_scraper {"event": "scraper_statements_fetched", "ticker": "^ZKEQTU", "rows": 0}
2026-09-15 16:49:41,041 INFO app.web.services.analytics.fundamentals.service {"event": "fundamentals_computed", "as_of": "2026-09-15", "processed": 17, "skipped": 85, "rows": 680, "calc_version_id": 13}
2026-09-15 16:50:45,049 INFO app.web.services.market_data.sources.nse_scraper {"event": "scraper_observations_bulk_fetched", "tickers": 102, "rows": 287978}
2026-09-15 16:50:59,334 INFO app.web.services.market_data.sources.nse_scraper {"event": "scraper_statements_fetched", "ticker": "ABSA", "rows": 0}
2026-09-15 16:50:59,336 INFO app.web.services.market_data.sources.nse_scraper {"event": "scraper_statements_fetched", "ticker": "ACCS", "rows": 0}
2026-09-15 16:50:59,338 INFO app.web.services.market_data.sources.nse_scraper {"event": "scraper_statements_fetched", "ticker": "ALP", "rows": 0}
2026-09-15 16:50:59,339 INFO app.web.services.market_data.sources.nse_scraper {"event": "scraper_statements_fetched", "ticker": "AMAC", "rows": 0}
2026-09-15 16:50:59,340 INFO app.web.services.market_data.sources.nse_scraper {"event": "scraper_statements_fetched", "ticker": "ARM", "rows": 0}
2026-09-15 16:50:59,342 INFO app.web.services.market_data.sources.nse_scraper {"event": "scraper_statements_fetched", "ticker": "BAMB", "rows": 0}
2026-09-15 16:50:59,467 INFO app.web.services.market_data.sources.nse_scraper {"event": "scraper_statements_fetched", "ticker": "BAT", "rows": 2295}
2026-09-15 16:50:59,566 INFO app.web.services.market_data.sources.nse_scraper {"event": "scraper_statements_fetched", "ticker": "BAUM", "rows": 0}
2026-09-15 16:50:59,568 INFO app.web.services.market_data.sources.nse_scraper {"event": "scraper_statements_fetched", "ticker": "BERG", "rows": 0}
2026-09-15 16:50:59,751 INFO app.web.services.market_data.sources.nse_scraper {"event": "scraper_statements_fetched", "ticker": "BKG", "rows": 2612}
2026-09-15 16:50:59,940 INFO app.web.services.market_data.sources.nse_scraper {"event": "scraper_statements_fetched", "ticker": "BOC", "rows": 0}
2026-09-15 16:51:00,348 INFO app.web.services.market_data.sources.nse_scraper {"event": "scraper_statements_fetched", "ticker": "BRIT", "rows": 2456}
2026-09-15 16:51:00,545 INFO app.web.services.market_data.sources.nse_scraper {"event": "scraper_statements_fetched", "ticker": "CABL", "rows": 0}
2026-09-15 16:51:00,546 INFO app.web.services.market_data.sources.nse_scraper {"event": "scraper_statements_fetched", "ticker": "CARB", "rows": 0}
2026-09-15 16:51:00,547 INFO app.web.services.market_data.sources.nse_scraper {"event": "scraper_statements_fetched", "ticker": "CFC-R", "rows": 0}
2026-09-15 16:51:00,859 INFO app.web.services.market_data.sources.nse_scraper {"event": "scraper_statements_fetched", "ticker": "CGEN", "rows": 2522}
2026-09-15 16:51:01,240 INFO app.web.services.market_data.sources.nse_scraper {"event": "scraper_statements_fetched", "ticker": "CIC", "rows": 0}
2026-09-15 16:51:01,241 INFO app.web.services.market_data.sources.nse_scraper {"event": "scraper_statements_fetched", "ticker": "CITY", "rows": 0}
2026-09-15 16:51:01,242 INFO app.web.services.market_data.sources.nse_scraper {"event": "scraper_statements_fetched", "ticker": "CMC", "rows": 0}
2026-09-15 16:51:01,243 INFO app.web.services.market_data.sources.nse_scraper {"event": "scraper_statements_fetched", "ticker": "COOP", "rows": 0}
2026-09-15 16:51:01,244 INFO app.web.services.market_data.sources.nse_scraper {"event": "scraper_statements_fetched", "ticker": "CRWN", "rows": 0}
2026-09-15 16:51:01,245 INFO app.web.services.market_data.sources.nse_scraper {"event": "scraper_statements_fetched", "ticker": "CTUM", "rows": 0}
2026-09-15 16:51:01,246 INFO app.web.services.market_data.sources.nse_scraper {"event": "scraper_statements_fetched", "ticker": "DCON", "rows": 0}
2026-09-15 16:51:01,645 INFO app.web.services.market_data.sources.nse_scraper {"event": "scraper_statements_fetched", "ticker": "DTK", "rows": 2914}
2026-09-15 16:51:01,953 INFO app.web.services.market_data.sources.nse_scraper {"event": "scraper_statements_fetched", "ticker": "DTK-R", "rows": 0}
2026-09-15 16:51:01,958 INFO app.web.services.market_data.sources.nse_scraper {"event": "scraper_statements_fetched", "ticker": "EABL", "rows": 0}
2026-09-15 16:51:01,959 INFO app.web.services.market_data.sources.nse_scraper {"event": "scraper_statements_fetched", "ticker": "EGAD", "rows": 0}
2026-09-15 16:51:02,354 INFO app.web.services.market_data.sources.nse_scraper {"event": "scraper_statements_fetched", "ticker": "EQTY", "rows": 2938}
2026-09-15 16:51:02,628 INFO app.web.services.market_data.sources.nse_scraper {"event": "scraper_statements_fetched", "ticker": "EVRD", "rows": 0}
2026-09-15 16:51:02,630 INFO app.web.services.market_data.sources.nse_scraper {"event": "scraper_statements_fetched", "ticker": "FMLY", "rows": 0}
2026-09-15 16:51:02,631 INFO app.web.services.market_data.sources.nse_scraper {"event": "scraper_statements_fetched", "ticker": "FTGH", "rows": 0}
2026-09-15 16:51:02,631 INFO app.web.services.market_data.sources.nse_scraper {"event": "scraper_statements_fetched", "ticker": "GLD", "rows": 0}
2026-09-15 16:51:02,632 INFO app.web.services.market_data.sources.nse_scraper {"event": "scraper_statements_fetched", "ticker": "HAFR", "rows": 0}
2026-09-15 16:51:02,633 INFO app.web.services.market_data.sources.nse_scraper {"event": "scraper_statements_fetched", "ticker": "HBE", "rows": 0}
2026-09-15 16:51:02,845 INFO app.web.services.market_data.sources.nse_scraper {"event": "scraper_statements_fetched", "ticker": "HFCK", "rows": 2693}
2026-09-15 16:51:02,956 INFO app.web.services.market_data.sources.nse_scraper {"event": "scraper_statements_fetched", "ticker": "HFCK-R", "rows": 0}
2026-09-15 16:51:02,957 INFO app.web.services.market_data.sources.nse_scraper {"event": "scraper_statements_fetched", "ticker": "ICDC", "rows": 0}
2026-09-15 16:51:02,958 INFO app.web.services.market_data.sources.nse_scraper {"event": "scraper_statements_fetched", "ticker": "IMH", "rows": 0}
2026-09-15 16:51:03,153 INFO app.web.services.market_data.sources.nse_scraper {"event": "scraper_statements_fetched", "ticker": "JUB", "rows": 2478}
2026-09-15 16:51:03,254 INFO app.web.services.market_data.sources.nse_scraper {"event": "scraper_statements_fetched", "ticker": "KAPC", "rows": 0}
2026-09-15 16:51:03,340 INFO app.web.services.market_data.sources.nse_scraper {"event": "scraper_statements_fetched", "ticker": "KCB", "rows": 2879}
2026-09-15 16:51:03,451 INFO app.web.services.market_data.sources.nse_scraper {"event": "scraper_statements_fetched", "ticker": "KCB-R", "rows": 0}
2026-09-15 16:51:03,694 INFO app.web.services.market_data.sources.nse_scraper {"event": "scraper_statements_fetched", "ticker": "KEGN", "rows": 2336}
2026-09-15 16:51:03,881 INFO app.web.services.market_data.sources.nse_scraper {"event": "scraper_statements_fetched", "ticker": "KENO", "rows": 0}
2026-09-15 16:51:04,047 INFO app.web.services.market_data.sources.nse_scraper {"event": "scraper_statements_fetched", "ticker": "KNRE", "rows": 2073}
2026-09-15 16:51:04,160 INFO app.web.services.market_data.sources.nse_scraper {"event": "scraper_statements_fetched", "ticker": "KPC", "rows": 0}
2026-09-15 16:51:04,235 INFO app.web.services.market_data.sources.nse_scraper {"event": "scraper_statements_fetched", "ticker": "KPLC", "rows": 406}
2026-09-15 16:51:04,244 INFO app.web.services.market_data.sources.nse_scraper {"event": "scraper_statements_fetched", "ticker": "KPLC-P4", "rows": 0}
2026-09-15 16:51:04,245 INFO app.web.services.market_data.sources.nse_scraper {"event": "scraper_statements_fetched", "ticker": "KPLC-P7", "rows": 0}
2026-09-15 16:51:04,246 INFO app.web.services.market_data.sources.nse_scraper {"event": "scraper_statements_fetched", "ticker": "KPLC-R", "rows": 0}
2026-09-15 16:51:04,338 INFO app.web.services.market_data.sources.nse_scraper {"event": "scraper_statements_fetched", "ticker": "KQ", "rows": 2398}
2026-09-15 16:51:04,379 INFO app.web.services.market_data.sources.nse_scraper {"event": "scraper_statements_fetched", "ticker": "KQ-R", "rows": 0}
2026-09-15 16:51:04,430 INFO app.web.services.market_data.sources.nse_scraper {"event": "scraper_statements_fetched", "ticker": "KUKZ", "rows": 0}
2026-09-15 16:51:04,431 INFO app.web.services.market_data.sources.nse_scraper {"event": "scraper_statements_fetched", "ticker": "KURV", "rows": 0}
2026-09-15 16:51:04,432 INFO app.web.services.market_data.sources.nse_scraper {"event": "scraper_statements_fetched", "ticker": "LAPR", "rows": 0}
2026-09-15 16:51:04,433 INFO app.web.services.market_data.sources.nse_scraper {"event": "scraper_statements_fetched", "ticker": "LBTY", "rows": 0}
2026-09-15 16:51:04,433 INFO app.web.services.market_data.sources.nse_scraper {"event": "scraper_statements_fetched", "ticker": "LIMT", "rows": 0}
2026-09-15 16:51:04,434 INFO app.web.services.market_data.sources.nse_scraper {"event": "scraper_statements_fetched", "ticker": "LKL", "rows": 0}
2026-09-15 16:51:04,436 INFO app.web.services.market_data.sources.nse_scraper {"event": "scraper_statements_fetched", "ticker": "MASH", "rows": 0}
2026-09-15 16:51:04,437 INFO app.web.services.market_data.sources.nse_scraper {"event": "scraper_statements_fetched", "ticker": "MSC", "rows": 0}
2026-09-15 16:51:04,438 INFO app.web.services.market_data.sources.nse_scraper {"event": "scraper_statements_fetched", "ticker": "NBK", "rows": 0}
2026-09-15 16:51:04,439 INFO app.web.services.market_data.sources.nse_scraper {"event": "scraper_statements_fetched", "ticker": "NBV", "rows": 0}
2026-09-15 16:51:04,440 INFO app.web.services.market_data.sources.nse_scraper {"event": "scraper_statements_fetched", "ticker": "NCBA", "rows": 0}
2026-09-15 16:51:04,441 INFO app.web.services.market_data.sources.nse_scraper {"event": "scraper_statements_fetched", "ticker": "NIC-R", "rows": 0}
2026-09-15 16:51:04,442 INFO app.web.services.market_data.sources.nse_scraper {"event": "scraper_statements_fetched", "ticker": "NMG", "rows": 0}
2026-09-15 16:51:04,443 INFO app.web.services.market_data.sources.nse_scraper {"event": "scraper_statements_fetched", "ticker": "NSE", "rows": 0}
2026-09-15 16:51:04,444 INFO app.web.services.market_data.sources.nse_scraper {"event": "scraper_statements_fetched", "ticker": "OCH", "rows": 0}
2026-09-15 16:51:04,445 INFO app.web.services.market_data.sources.nse_scraper {"event": "scraper_statements_fetched", "ticker": "OCH-R", "rows": 0}
2026-09-15 16:51:04,446 INFO app.web.services.market_data.sources.nse_scraper {"event": "scraper_statements_fetched", "ticker": "ORCH", "rows": 0}
2026-09-15 16:51:04,447 INFO app.web.services.market_data.sources.nse_scraper {"event": "scraper_statements_fetched", "ticker": "PAFR", "rows": 0}
2026-09-15 16:51:04,447 INFO app.web.services.market_data.sources.nse_scraper {"event": "scraper_statements_fetched", "ticker": "PORT", "rows": 0}
2026-09-15 16:51:04,448 INFO app.web.services.market_data.sources.nse_scraper {"event": "scraper_statements_fetched", "ticker": "REA", "rows": 0}
2026-09-15 16:51:04,449 INFO app.web.services.market_data.sources.nse_scraper {"event": "scraper_statements_fetched", "ticker": "SASN", "rows": 0}
2026-09-15 16:51:04,548 INFO app.web.services.market_data.sources.nse_scraper {"event": "scraper_statements_fetched", "ticker": "SBIC", "rows": 2019}
2026-09-15 16:51:04,653 INFO app.web.services.market_data.sources.nse_scraper {"event": "scraper_statements_fetched", "ticker": "SCAN", "rows": 0}
2026-09-15 16:51:04,660 INFO app.web.services.market_data.sources.nse_scraper {"event": "scraper_statements_fetched", "ticker": "SCBK", "rows": 396}
2026-09-15 16:51:04,737 INFO app.web.services.market_data.sources.nse_scraper {"event": "scraper_statements_fetched", "ticker": "SCBK-R", "rows": 0}
2026-09-15 16:51:04,852 INFO app.web.services.market_data.sources.nse_scraper {"event": "scraper_statements_fetched", "ticker": "SCOM", "rows": 2612}
2026-09-15 16:51:04,963 INFO app.web.services.market_data.sources.nse_scraper {"event": "scraper_statements_fetched", "ticker": "SGL", "rows": 0}
2026-09-15 16:51:04,964 INFO app.web.services.market_data.sources.nse_scraper {"event": "scraper_statements_fetched", "ticker": "SKL", "rows": 0}
2026-09-15 16:51:04,965 INFO app.web.services.market_data.sources.nse_scraper {"event": "scraper_statements_fetched", "ticker": "SLAM", "rows": 0}
2026-09-15 16:51:04,965 INFO app.web.services.market_data.sources.nse_scraper {"event": "scraper_statements_fetched", "ticker": "SMER", "rows": 0}
2026-09-15 16:51:04,966 INFO app.web.services.market_data.sources.nse_scraper {"event": "scraper_statements_fetched", "ticker": "TCL", "rows": 0}
2026-09-15 16:51:05,030 INFO app.web.services.market_data.sources.nse_scraper {"event": "scraper_statements_fetched", "ticker": "TOTL", "rows": 2396}
2026-09-15 16:51:05,072 INFO app.web.services.market_data.sources.nse_scraper {"event": "scraper_statements_fetched", "ticker": "TPSE", "rows": 0}
2026-09-15 16:51:05,072 INFO app.web.services.market_data.sources.nse_scraper {"event": "scraper_statements_fetched", "ticker": "TPSE-R", "rows": 0}
2026-09-15 16:51:05,073 INFO app.web.services.market_data.sources.nse_scraper {"event": "scraper_statements_fetched", "ticker": "TRFC", "rows": 0}
2026-09-15 16:51:05,074 INFO app.web.services.market_data.sources.nse_scraper {"event": "scraper_statements_fetched", "ticker": "UCHM", "rows": 0}
2026-09-15 16:51:05,075 INFO app.web.services.market_data.sources.nse_scraper {"event": "scraper_statements_fetched", "ticker": "UMME", "rows": 0}
2026-09-15 16:51:05,075 INFO app.web.services.market_data.sources.nse_scraper {"event": "scraper_statements_fetched", "ticker": "UNGA", "rows": 0}
2026-09-15 16:51:05,076 INFO app.web.services.market_data.sources.nse_scraper {"event": "scraper_statements_fetched", "ticker": "UTK", "rows": 0}
2026-09-15 16:51:05,077 INFO app.web.services.market_data.sources.nse_scraper {"event": "scraper_statements_fetched", "ticker": "WTK", "rows": 0}
2026-09-15 16:51:05,077 INFO app.web.services.market_data.sources.nse_scraper {"event": "scraper_statements_fetched", "ticker": "XPRS", "rows": 0}
2026-09-15 16:51:05,078 INFO app.web.services.market_data.sources.nse_scraper {"event": "scraper_statements_fetched", "ticker": "^FNK15", "rows": 0}
2026-09-15 16:51:05,079 INFO app.web.services.market_data.sources.nse_scraper {"event": "scraper_statements_fetched", "ticker": "^FNK25", "rows": 0}
2026-09-15 16:51:05,079 INFO app.web.services.market_data.sources.nse_scraper {"event": "scraper_statements_fetched", "ticker": "^N10I", "rows": 0}
2026-09-15 16:51:05,080 INFO app.web.services.market_data.sources.nse_scraper {"event": "scraper_statements_fetched", "ticker": "^N20I", "rows": 0}
2026-09-15 16:51:05,081 INFO app.web.services.market_data.sources.nse_scraper {"event": "scraper_statements_fetched", "ticker": "^N25I", "rows": 0}
2026-09-15 16:51:05,082 INFO app.web.services.market_data.sources.nse_scraper {"event": "scraper_statements_fetched", "ticker": "^NASI", "rows": 0}
2026-09-15 16:51:05,082 INFO app.web.services.market_data.sources.nse_scraper {"event": "scraper_statements_fetched", "ticker": "^NBDI", "rows": 0}
2026-09-15 16:51:05,083 INFO app.web.services.market_data.sources.nse_scraper {"event": "scraper_statements_fetched", "ticker": "^ZKEQTK", "rows": 0}
2026-09-15 16:51:05,084 INFO app.web.services.market_data.sources.nse_scraper {"event": "scraper_statements_fetched", "ticker": "^ZKEQTU", "rows": 0}
2026-09-15 16:51:07,939 INFO app.web.services.analytics.valuation_metrics.service {"event": "valuation_metrics_computed", "as_of": "2026-09-15", "processed": 17, "skipped": 85, "rows": 544, "calc_version_id": 13}
2026-09-15 16:51:11,575 INFO app.web.services.analytics.factors.service {"event": "factors_computed", "as_of": "2026-09-15", "universe": 89, "rows": 623, "known": {"value": 13, "quality": 14, "growth": 14, "dividend": 11}, "calc_version_id": 13}
2026-09-15 16:51:11,757 INFO app.web.services.analytics.ranking.service {"event": "rankings_computed", "as_of": "2026-09-15", "universe": 89, "scored": 13, "rows": 89, "calc_version_id": 13}
2026-09-15 16:51:44,005 INFO app.web.services.market_data.sources.nse_scraper {"event": "scraper_observations_bulk_fetched", "tickers": 102, "rows": 287978}
2026-09-15 16:52:00,251 INFO app.web.services.market_data.sources.nse_scraper {"event": "scraper_statements_fetched", "ticker": "ABSA", "rows": 0}
2026-09-15 16:52:00,259 INFO app.web.services.market_data.sources.nse_scraper {"event": "scraper_statements_fetched", "ticker": "ACCS", "rows": 0}
2026-09-15 16:52:00,263 INFO app.web.services.market_data.sources.nse_scraper {"event": "scraper_statements_fetched", "ticker": "ALP", "rows": 0}
2026-09-15 16:52:00,329 INFO app.web.services.market_data.sources.nse_scraper {"event": "scraper_statements_fetched", "ticker": "AMAC", "rows": 0}
2026-09-15 16:52:00,331 INFO app.web.services.market_data.sources.nse_scraper {"event": "scraper_statements_fetched", "ticker": "ARM", "rows": 0}
2026-09-15 16:52:00,332 INFO app.web.services.market_data.sources.nse_scraper {"event": "scraper_statements_fetched", "ticker": "BAMB", "rows": 0}
2026-09-15 16:52:00,554 INFO app.web.services.market_data.sources.nse_scraper {"event": "scraper_statements_fetched", "ticker": "BAT", "rows": 2295}
2026-09-15 16:52:00,747 INFO app.web.services.market_data.sources.nse_scraper {"event": "scraper_statements_fetched", "ticker": "BAUM", "rows": 0}
2026-09-15 16:52:00,749 INFO app.web.services.market_data.sources.nse_scraper {"event": "scraper_statements_fetched", "ticker": "BERG", "rows": 0}
2026-09-15 16:52:00,876 INFO app.web.services.market_data.sources.nse_scraper {"event": "scraper_statements_fetched", "ticker": "BKG", "rows": 2612}
2026-09-15 16:52:01,038 INFO app.web.services.market_data.sources.nse_scraper {"event": "scraper_statements_fetched", "ticker": "BOC", "rows": 0}
2026-09-15 16:52:01,164 INFO app.web.services.market_data.sources.nse_scraper {"event": "scraper_statements_fetched", "ticker": "BRIT", "rows": 2456}
2026-09-15 16:52:01,363 INFO app.web.services.market_data.sources.nse_scraper {"event": "scraper_statements_fetched", "ticker": "CABL", "rows": 0}
2026-09-15 16:52:01,429 INFO app.web.services.market_data.sources.nse_scraper {"event": "scraper_statements_fetched", "ticker": "CARB", "rows": 0}
2026-09-15 16:52:01,431 INFO app.web.services.market_data.sources.nse_scraper {"event": "scraper_statements_fetched", "ticker": "CFC-R", "rows": 0}
2026-09-15 16:52:01,564 INFO app.web.services.market_data.sources.nse_scraper {"event": "scraper_statements_fetched", "ticker": "CGEN", "rows": 2522}
2026-09-15 16:52:01,612 INFO app.web.services.market_data.sources.nse_scraper {"event": "scraper_statements_fetched", "ticker": "CIC", "rows": 0}
2026-09-15 16:52:01,627 INFO app.web.services.market_data.sources.nse_scraper {"event": "scraper_statements_fetched", "ticker": "CITY", "rows": 0}
2026-09-15 16:52:01,629 INFO app.web.services.market_data.sources.nse_scraper {"event": "scraper_statements_fetched", "ticker": "CMC", "rows": 0}
2026-09-15 16:52:01,631 INFO app.web.services.market_data.sources.nse_scraper {"event": "scraper_statements_fetched", "ticker": "COOP", "rows": 0}
2026-09-15 16:52:01,631 INFO app.web.services.market_data.sources.nse_scraper {"event": "scraper_statements_fetched", "ticker": "CRWN", "rows": 0}
2026-09-15 16:52:01,632 INFO app.web.services.market_data.sources.nse_scraper {"event": "scraper_statements_fetched", "ticker": "CTUM", "rows": 0}
2026-09-15 16:52:01,633 INFO app.web.services.market_data.sources.nse_scraper {"event": "scraper_statements_fetched", "ticker": "DCON", "rows": 0}
2026-09-15 16:52:01,744 INFO app.web.services.market_data.sources.nse_scraper {"event": "scraper_statements_fetched", "ticker": "DTK", "rows": 2914}
2026-09-15 16:52:01,861 INFO app.web.services.market_data.sources.nse_scraper {"event": "scraper_statements_fetched", "ticker": "DTK-R", "rows": 0}
2026-09-15 16:52:01,862 INFO app.web.services.market_data.sources.nse_scraper {"event": "scraper_statements_fetched", "ticker": "EABL", "rows": 0}
2026-09-15 16:52:01,863 INFO app.web.services.market_data.sources.nse_scraper {"event": "scraper_statements_fetched", "ticker": "EGAD", "rows": 0}
2026-09-15 16:52:01,964 INFO app.web.services.market_data.sources.nse_scraper {"event": "scraper_statements_fetched", "ticker": "EQTY", "rows": 2938}
2026-09-15 16:52:02,241 INFO app.web.services.market_data.sources.nse_scraper {"event": "scraper_statements_fetched", "ticker": "EVRD", "rows": 0}
2026-09-15 16:52:02,242 INFO app.web.services.market_data.sources.nse_scraper {"event": "scraper_statements_fetched", "ticker": "FMLY", "rows": 0}
2026-09-15 16:52:02,243 INFO app.web.services.market_data.sources.nse_scraper {"event": "scraper_statements_fetched", "ticker": "FTGH", "rows": 0}
2026-09-15 16:52:02,244 INFO app.web.services.market_data.sources.nse_scraper {"event": "scraper_statements_fetched", "ticker": "GLD", "rows": 0}
2026-09-15 16:52:02,245 INFO app.web.services.market_data.sources.nse_scraper {"event": "scraper_statements_fetched", "ticker": "HAFR", "rows": 0}
2026-09-15 16:52:02,246 INFO app.web.services.market_data.sources.nse_scraper {"event": "scraper_statements_fetched", "ticker": "HBE", "rows": 0}
2026-09-15 16:52:02,445 INFO app.web.services.market_data.sources.nse_scraper {"event": "scraper_statements_fetched", "ticker": "HFCK", "rows": 2693}
2026-09-15 16:52:02,745 INFO app.web.services.market_data.sources.nse_scraper {"event": "scraper_statements_fetched", "ticker": "HFCK-R", "rows": 0}
2026-09-15 16:52:02,746 INFO app.web.services.market_data.sources.nse_scraper {"event": "scraper_statements_fetched", "ticker": "ICDC", "rows": 0}
2026-09-15 16:52:02,747 INFO app.web.services.market_data.sources.nse_scraper {"event": "scraper_statements_fetched", "ticker": "IMH", "rows": 0}
2026-09-15 16:52:02,957 INFO app.web.services.market_data.sources.nse_scraper {"event": "scraper_statements_fetched", "ticker": "JUB", "rows": 2478}
2026-09-15 16:52:03,164 INFO app.web.services.market_data.sources.nse_scraper {"event": "scraper_statements_fetched", "ticker": "KAPC", "rows": 0}
2026-09-15 16:52:03,457 INFO app.web.services.market_data.sources.nse_scraper {"event": "scraper_statements_fetched", "ticker": "KCB", "rows": 2879}
2026-09-15 16:52:03,759 INFO app.web.services.market_data.sources.nse_scraper {"event": "scraper_statements_fetched", "ticker": "KCB-R", "rows": 0}
2026-09-15 16:52:03,951 INFO app.web.services.market_data.sources.nse_scraper {"event": "scraper_statements_fetched", "ticker": "KEGN", "rows": 2336}
2026-09-15 16:52:04,158 INFO app.web.services.market_data.sources.nse_scraper {"event": "scraper_statements_fetched", "ticker": "KENO", "rows": 0}
2026-09-15 16:52:04,346 INFO app.web.services.market_data.sources.nse_scraper {"event": "scraper_statements_fetched", "ticker": "KNRE", "rows": 2073}
2026-09-15 16:52:04,457 INFO app.web.services.market_data.sources.nse_scraper {"event": "scraper_statements_fetched", "ticker": "KPC", "rows": 0}
2026-09-15 16:52:04,532 INFO app.web.services.market_data.sources.nse_scraper {"event": "scraper_statements_fetched", "ticker": "KPLC", "rows": 406}
2026-09-15 16:52:04,542 INFO app.web.services.market_data.sources.nse_scraper {"event": "scraper_statements_fetched", "ticker": "KPLC-P4", "rows": 0}
2026-09-15 16:52:04,543 INFO app.web.services.market_data.sources.nse_scraper {"event": "scraper_statements_fetched", "ticker": "KPLC-P7", "rows": 0}
2026-09-15 16:52:04,544 INFO app.web.services.market_data.sources.nse_scraper {"event": "scraper_statements_fetched", "ticker": "KPLC-R", "rows": 0}
2026-09-15 16:52:04,649 INFO app.web.services.market_data.sources.nse_scraper {"event": "scraper_statements_fetched", "ticker": "KQ", "rows": 2398}
2026-09-15 16:52:04,756 INFO app.web.services.market_data.sources.nse_scraper {"event": "scraper_statements_fetched", "ticker": "KQ-R", "rows": 0}
2026-09-15 16:52:04,757 INFO app.web.services.market_data.sources.nse_scraper {"event": "scraper_statements_fetched", "ticker": "KUKZ", "rows": 0}
2026-09-15 16:52:04,758 INFO app.web.services.market_data.sources.nse_scraper {"event": "scraper_statements_fetched", "ticker": "KURV", "rows": 0}
2026-09-15 16:52:04,759 INFO app.web.services.market_data.sources.nse_scraper {"event": "scraper_statements_fetched", "ticker": "LAPR", "rows": 0}
2026-09-15 16:52:04,760 INFO app.web.services.market_data.sources.nse_scraper {"event": "scraper_statements_fetched", "ticker": "LBTY", "rows": 0}
2026-09-15 16:52:04,761 INFO app.web.services.market_data.sources.nse_scraper {"event": "scraper_statements_fetched", "ticker": "LIMT", "rows": 0}
2026-09-15 16:52:04,765 INFO app.web.services.market_data.sources.nse_scraper {"event": "scraper_statements_fetched", "ticker": "LKL", "rows": 0}
2026-09-15 16:52:04,828 INFO app.web.services.market_data.sources.nse_scraper {"event": "scraper_statements_fetched", "ticker": "MASH", "rows": 0}
2026-09-15 16:52:04,831 INFO app.web.services.market_data.sources.nse_scraper {"event": "scraper_statements_fetched", "ticker": "MSC", "rows": 0}
2026-09-15 16:52:04,835 INFO app.web.services.market_data.sources.nse_scraper {"event": "scraper_statements_fetched", "ticker": "NBK", "rows": 0}
2026-09-15 16:52:04,836 INFO app.web.services.market_data.sources.nse_scraper {"event": "scraper_statements_fetched", "ticker": "NBV", "rows": 0}
2026-09-15 16:52:04,837 INFO app.web.services.market_data.sources.nse_scraper {"event": "scraper_statements_fetched", "ticker": "NCBA", "rows": 0}
2026-09-15 16:52:04,838 INFO app.web.services.market_data.sources.nse_scraper {"event": "scraper_statements_fetched", "ticker": "NIC-R", "rows": 0}
2026-09-15 16:52:04,839 INFO app.web.services.market_data.sources.nse_scraper {"event": "scraper_statements_fetched", "ticker": "NMG", "rows": 0}
2026-09-15 16:52:04,840 INFO app.web.services.market_data.sources.nse_scraper {"event": "scraper_statements_fetched", "ticker": "NSE", "rows": 0}
2026-09-15 16:52:04,841 INFO app.web.services.market_data.sources.nse_scraper {"event": "scraper_statements_fetched", "ticker": "OCH", "rows": 0}
2026-09-15 16:52:04,842 INFO app.web.services.market_data.sources.nse_scraper {"event": "scraper_statements_fetched", "ticker": "OCH-R", "rows": 0}
2026-09-15 16:52:04,844 INFO app.web.services.market_data.sources.nse_scraper {"event": "scraper_statements_fetched", "ticker": "ORCH", "rows": 0}
2026-09-15 16:52:04,846 INFO app.web.services.market_data.sources.nse_scraper {"event": "scraper_statements_fetched", "ticker": "PAFR", "rows": 0}
2026-09-15 16:52:04,846 INFO app.web.services.market_data.sources.nse_scraper {"event": "scraper_statements_fetched", "ticker": "PORT", "rows": 0}
2026-09-15 16:52:04,847 INFO app.web.services.market_data.sources.nse_scraper {"event": "scraper_statements_fetched", "ticker": "REA", "rows": 0}
2026-09-15 16:52:04,848 INFO app.web.services.market_data.sources.nse_scraper {"event": "scraper_statements_fetched", "ticker": "SASN", "rows": 0}
2026-09-15 16:52:05,057 INFO app.web.services.market_data.sources.nse_scraper {"event": "scraper_statements_fetched", "ticker": "SBIC", "rows": 2019}
2026-09-15 16:52:05,180 INFO app.web.services.market_data.sources.nse_scraper {"event": "scraper_statements_fetched", "ticker": "SCAN", "rows": 0}
2026-09-15 16:52:05,246 INFO app.web.services.market_data.sources.nse_scraper {"event": "scraper_statements_fetched", "ticker": "SCBK", "rows": 396}
2026-09-15 16:52:05,256 INFO app.web.services.market_data.sources.nse_scraper {"event": "scraper_statements_fetched", "ticker": "SCBK-R", "rows": 0}
2026-09-15 16:52:05,474 INFO app.web.services.market_data.sources.nse_scraper {"event": "scraper_statements_fetched", "ticker": "SCOM", "rows": 2612}
2026-09-15 16:52:05,580 INFO app.web.services.market_data.sources.nse_scraper {"event": "scraper_statements_fetched", "ticker": "SGL", "rows": 0}
2026-09-15 16:52:05,582 INFO app.web.services.market_data.sources.nse_scraper {"event": "scraper_statements_fetched", "ticker": "SKL", "rows": 0}
2026-09-15 16:52:05,584 INFO app.web.services.market_data.sources.nse_scraper {"event": "scraper_statements_fetched", "ticker": "SLAM", "rows": 0}
2026-09-15 16:52:05,585 INFO app.web.services.market_data.sources.nse_scraper {"event": "scraper_statements_fetched", "ticker": "SMER", "rows": 0}
2026-09-15 16:52:05,587 INFO app.web.services.market_data.sources.nse_scraper {"event": "scraper_statements_fetched", "ticker": "TCL", "rows": 0}
2026-09-15 16:52:05,947 INFO app.web.services.market_data.sources.nse_scraper {"event": "scraper_statements_fetched", "ticker": "TOTL", "rows": 2396}
2026-09-15 16:52:06,343 INFO app.web.services.market_data.sources.nse_scraper {"event": "scraper_statements_fetched", "ticker": "TPSE", "rows": 0}
2026-09-15 16:52:06,344 INFO app.web.services.market_data.sources.nse_scraper {"event": "scraper_statements_fetched", "ticker": "TPSE-R", "rows": 0}
2026-09-15 16:52:06,345 INFO app.web.services.market_data.sources.nse_scraper {"event": "scraper_statements_fetched", "ticker": "TRFC", "rows": 0}
2026-09-15 16:52:06,346 INFO app.web.services.market_data.sources.nse_scraper {"event": "scraper_statements_fetched", "ticker": "UCHM", "rows": 0}
2026-09-15 16:52:06,348 INFO app.web.services.market_data.sources.nse_scraper {"event": "scraper_statements_fetched", "ticker": "UMME", "rows": 0}
2026-09-15 16:52:06,351 INFO app.web.services.market_data.sources.nse_scraper {"event": "scraper_statements_fetched", "ticker": "UNGA", "rows": 0}
2026-09-15 16:52:06,352 INFO app.web.services.market_data.sources.nse_scraper {"event": "scraper_statements_fetched", "ticker": "UTK", "rows": 0}
2026-09-15 16:52:06,353 INFO app.web.services.market_data.sources.nse_scraper {"event": "scraper_statements_fetched", "ticker": "WTK", "rows": 0}
2026-09-15 16:52:06,355 INFO app.web.services.market_data.sources.nse_scraper {"event": "scraper_statements_fetched", "ticker": "XPRS", "rows": 0}
2026-09-15 16:52:06,356 INFO app.web.services.market_data.sources.nse_scraper {"event": "scraper_statements_fetched", "ticker": "^FNK15", "rows": 0}
2026-09-15 16:52:06,357 INFO app.web.services.market_data.sources.nse_scraper {"event": "scraper_statements_fetched", "ticker": "^FNK25", "rows": 0}
2026-09-15 16:52:06,358 INFO app.web.services.market_data.sources.nse_scraper {"event": "scraper_statements_fetched", "ticker": "^N10I", "rows": 0}
2026-09-15 16:52:06,359 INFO app.web.services.market_data.sources.nse_scraper {"event": "scraper_statements_fetched", "ticker": "^N20I", "rows": 0}
2026-09-15 16:52:06,359 INFO app.web.services.market_data.sources.nse_scraper {"event": "scraper_statements_fetched", "ticker": "^N25I", "rows": 0}
2026-09-15 16:52:06,360 INFO app.web.services.market_data.sources.nse_scraper {"event": "scraper_statements_fetched", "ticker": "^NASI", "rows": 0}
2026-09-15 16:52:06,429 INFO app.web.services.market_data.sources.nse_scraper {"event": "scraper_statements_fetched", "ticker": "^NBDI", "rows": 0}
2026-09-15 16:52:06,430 INFO app.web.services.market_data.sources.nse_scraper {"event": "scraper_statements_fetched", "ticker": "^ZKEQTK", "rows": 0}
2026-09-15 16:52:06,436 INFO app.web.services.market_data.sources.nse_scraper {"event": "scraper_statements_fetched", "ticker": "^ZKEQTU", "rows": 0}
2026-09-15 16:52:08,853 INFO app.web.services.analytics.fair_value.service {"event": "fair_value_computed", "as_of": "2026-09-15", "instruments": 17, "rows": 58, "known": {"dcf": 6, "ev_ebitda": 5, "pe_relative": 5, "blended": 14, "pb_roe": 8, "ddm": 6}, "calc_version_id": 13}
2026-09-15 16:52:09,084 INFO app.web.services.jobs.runner {"event": "pipeline_finished", "pipeline": "fundamentals", "as_of": "2026-09-15", "counts": {"succeeded": 5}}
      pipeline fundamentals as of 2026-09-15 (run 64)      
┏━━━━━━━━━━━━━━━━━━━┳━━━━━━━━━━━┳━━━━━━┳━━━━━━━━━┳━━━━━━━━┓
┃ Step              ┃ Status    ┃ Rows ┃ Seconds ┃ Reason ┃
┡━━━━━━━━━━━━━━━━━━━╇━━━━━━━━━━━╇━━━━━━╇━━━━━━━━━╇━━━━━━━━┩
│ fundamentals      │ succeeded │  680 │    65.6 │        │
│ valuation_metrics │ succeeded │  544 │    87.8 │        │
│ factors           │ succeeded │  623 │     2.5 │        │
│ rankings          │ succeeded │   89 │     0.2 │        │
│ fair_value        │ succeeded │   58 │    57.3 │        │
└───────────────────┴───────────┴──────┴─────────┴────────┘
counts: succeeded 5
[2026-09-15T16:52:15+0200] OK pipeline=fundamentals
[2026-09-15T16:52:15+0200] START pipeline=weekly args=
2026-09-15 16:52:54,945 INFO alembic.runtime.migration Context impl SQLiteImpl.
2026-09-15 16:52:54,946 INFO alembic.runtime.migration Will assume non-transactional DDL.
2026-09-15 16:52:55,337 INFO alembic.runtime.migration Context impl SQLiteImpl.
2026-09-15 16:52:55,338 INFO alembic.runtime.migration Will assume non-transactional DDL.
INFO  [alembic.runtime.migration] Context impl SQLiteImpl.
INFO  [alembic.runtime.migration] Will assume non-transactional DDL.
INFO  [alembic.runtime.migration] Context impl SQLiteImpl.
INFO  [alembic.runtime.migration] Will assume non-transactional DDL.
analytics store already at 20260915_0013: 
/home/kevin/Nairobi-stock-Exchange/data/nse_analytics.sqlite3
2026-09-15 16:53:35,433 INFO app.web.services.market_data.sources.nse_scraper {"event": "scraper_observations_bulk_fetched", "tickers": 2, "rows": 8281}
2026-09-15 16:53:35,767 INFO app.web.services.analytics.regime.service {"event": "regime_computed", "index": "^NASI", "dates": 1, "rows": 1}
2026-09-15 16:54:08,786 INFO app.web.services.market_data.sources.nse_scraper {"event": "scraper_observations_bulk_fetched", "tickers": 102, "rows": 287978}
2026-09-15 16:54:25,529 INFO app.web.services.analytics.forecasting.service {"event": "forecasts_computed", "as_of": "2026-09-15", "universe": 89, "rows": 1424, "known": {}}
2026-09-15 16:55:27,635 INFO app.web.services.market_data.sources.nse_scraper {"event": "scraper_observations_bulk_fetched", "tickers": 102, "rows": 287978}
2026-09-15 16:55:43,366 INFO app.web.services.analytics.forecasting.service {"event": "forecasts_evaluated", "as_of": "2026-09-15", "evaluated": 0, "pending": 0}
2026-09-15 16:57:15,633 INFO app.web.services.market_data.sources.nse_scraper {"event": "scraper_observations_bulk_fetched", "tickers": 102, "rows": 287978}
2026-09-15 16:58:00,354 INFO app.web.services.analytics.montecarlo.service {"event": "montecarlo_computed", "as_of": "2026-09-15", "universe": 89, "rows": 712}
2026-09-15 16:58:06,758 INFO app.web.services.analytics.factors.service {"event": "factors_computed", "as_of": "2026-09-15", "universe": 89, "rows": 623, "known": {"value": 13, "quality": 14, "growth": 14, "dividend": 11}, "calc_version_id": 13}
2026-09-15 16:58:11,146 INFO app.web.services.analytics.ranking.service {"event": "rankings_computed", "as_of": "2026-09-15", "universe": 89, "scored": 13, "rows": 89, "calc_version_id": 13}
2026-09-15 16:58:11,756 INFO app.web.services.jobs.runner {"event": "pipeline_finished", "pipeline": "weekly", "as_of": "2026-09-15", "counts": {"succeeded": 6}}
          pipeline weekly as of 2026-09-15 (run 75)          
┏━━━━━━━━━━━━━━━━━━━━━┳━━━━━━━━━━━┳━━━━━━┳━━━━━━━━━┳━━━━━━━━┓
┃ Step                ┃ Status    ┃ Rows ┃ Seconds ┃ Reason ┃
┡━━━━━━━━━━━━━━━━━━━━━╇━━━━━━━━━━━╇━━━━━━╇━━━━━━━━━╇━━━━━━━━┩
│ regime              │ succeeded │    1 │     9.5 │        │
│ forecasts           │ succeeded │ 1424 │    49.8 │        │
│ forecast_evaluation │ succeeded │    0 │    77.8 │        │
│ montecarlo          │ succeeded │  712 │   137.5 │        │
│ factors             │ succeeded │  623 │     5.8 │        │
│ rankings            │ succeeded │   89 │     4.2 │        │
└─────────────────────┴───────────┴──────┴─────────┴────────┘
counts: succeeded 6
[2026-09-15T16:58:33+0200] OK pipeline=weekly
[2026-09-15T16:58:35+0200] START pipeline=daily args=
2026-09-15 17:00:22,970 INFO alembic.runtime.migration Context impl SQLiteImpl.
2026-09-15 17:00:22,971 INFO alembic.runtime.migration Will assume non-transactional DDL.
2026-09-15 17:00:23,157 INFO alembic.runtime.migration Context impl SQLiteImpl.
2026-09-15 17:00:23,158 INFO alembic.runtime.migration Will assume non-transactional DDL.
INFO  [alembic.runtime.migration] Context impl SQLiteImpl.
INFO  [alembic.runtime.migration] Will assume non-transactional DDL.
INFO  [alembic.runtime.migration] Context impl SQLiteImpl.
INFO  [alembic.runtime.migration] Will assume non-transactional DDL.
analytics store already at 20260915_0013: 
/home/kevin/Nairobi-stock-Exchange/data/nse_analytics.sqlite3
2026-09-15 17:02:22,258 INFO app.web.services.market_data.sources.nse_scraper {"event": "scraper_observations_bulk_fetched", "tickers": 102, "rows": 287978}
2026-09-15 17:02:30,739 INFO app.web.services.market_data.sources.nse_scraper {"event": "scraper_statements_fetched", "ticker": "ABSA", "rows": 0}
2026-09-15 17:02:30,740 INFO app.web.services.market_data.sources.nse_scraper {"event": "scraper_statements_fetched", "ticker": "ACCS", "rows": 0}
2026-09-15 17:02:30,741 INFO app.web.services.market_data.sources.nse_scraper {"event": "scraper_statements_fetched", "ticker": "ALP", "rows": 0}
2026-09-15 17:02:30,744 INFO app.web.services.market_data.sources.nse_scraper {"event": "scraper_statements_fetched", "ticker": "AMAC", "rows": 0}
2026-09-15 17:02:30,745 INFO app.web.services.market_data.sources.nse_scraper {"event": "scraper_statements_fetched", "ticker": "ARM", "rows": 0}
2026-09-15 17:02:30,747 INFO app.web.services.market_data.sources.nse_scraper {"event": "scraper_statements_fetched", "ticker": "BAMB", "rows": 0}
2026-09-15 17:02:30,932 INFO app.web.services.market_data.sources.nse_scraper {"event": "scraper_statements_fetched", "ticker": "BAT", "rows": 2295}
2026-09-15 17:02:31,142 INFO app.web.services.market_data.sources.nse_scraper {"event": "scraper_statements_fetched", "ticker": "BAUM", "rows": 0}
2026-09-15 17:02:31,143 INFO app.web.services.market_data.sources.nse_scraper {"event": "scraper_statements_fetched", "ticker": "BERG", "rows": 0}
2026-09-15 17:02:31,347 INFO app.web.services.market_data.sources.nse_scraper {"event": "scraper_statements_fetched", "ticker": "BKG", "rows": 2612}
2026-09-15 17:02:31,557 INFO app.web.services.market_data.sources.nse_scraper {"event": "scraper_statements_fetched", "ticker": "BOC", "rows": 0}
2026-09-15 17:02:31,735 INFO app.web.services.market_data.sources.nse_scraper {"event": "scraper_statements_fetched", "ticker": "BRIT", "rows": 2456}
2026-09-15 17:02:31,774 INFO app.web.services.market_data.sources.nse_scraper {"event": "scraper_statements_fetched", "ticker": "CABL", "rows": 0}
2026-09-15 17:02:31,775 INFO app.web.services.market_data.sources.nse_scraper {"event": "scraper_statements_fetched", "ticker": "CARB", "rows": 0}
2026-09-15 17:02:31,776 INFO app.web.services.market_data.sources.nse_scraper {"event": "scraper_statements_fetched", "ticker": "CFC-R", "rows": 0}
2026-09-15 17:02:31,882 INFO app.web.services.market_data.sources.nse_scraper {"event": "scraper_statements_fetched", "ticker": "CGEN", "rows": 2522}
2026-09-15 17:02:31,965 INFO app.web.services.market_data.sources.nse_scraper {"event": "scraper_statements_fetched", "ticker": "CIC", "rows": 0}
2026-09-15 17:02:31,966 INFO app.web.services.market_data.sources.nse_scraper {"event": "scraper_statements_fetched", "ticker": "CITY", "rows": 0}
2026-09-15 17:02:31,967 INFO app.web.services.market_data.sources.nse_scraper {"event": "scraper_statements_fetched", "ticker": "CMC", "rows": 0}
2026-09-15 17:02:31,968 INFO app.web.services.market_data.sources.nse_scraper {"event": "scraper_statements_fetched", "ticker": "COOP", "rows": 0}
2026-09-15 17:02:31,969 INFO app.web.services.market_data.sources.nse_scraper {"event": "scraper_statements_fetched", "ticker": "CRWN", "rows": 0}
2026-09-15 17:02:31,970 INFO app.web.services.market_data.sources.nse_scraper {"event": "scraper_statements_fetched", "ticker": "CTUM", "rows": 0}
2026-09-15 17:02:31,970 INFO app.web.services.market_data.sources.nse_scraper {"event": "scraper_statements_fetched", "ticker": "DCON", "rows": 0}
2026-09-15 17:02:32,052 INFO app.web.services.market_data.sources.nse_scraper {"event": "scraper_statements_fetched", "ticker": "DTK", "rows": 2914}
2026-09-15 17:02:32,235 INFO app.web.services.market_data.sources.nse_scraper {"event": "scraper_statements_fetched", "ticker": "DTK-R", "rows": 0}
2026-09-15 17:02:32,236 INFO app.web.services.market_data.sources.nse_scraper {"event": "scraper_statements_fetched", "ticker": "EABL", "rows": 0}
2026-09-15 17:02:32,237 INFO app.web.services.market_data.sources.nse_scraper {"event": "scraper_statements_fetched", "ticker": "EGAD", "rows": 0}
2026-09-15 17:02:32,456 INFO app.web.services.market_data.sources.nse_scraper {"event": "scraper_statements_fetched", "ticker": "EQTY", "rows": 2938}
2026-09-15 17:02:32,650 INFO app.web.services.market_data.sources.nse_scraper {"event": "scraper_statements_fetched", "ticker": "EVRD", "rows": 0}
2026-09-15 17:02:32,652 INFO app.web.services.market_data.sources.nse_scraper {"event": "scraper_statements_fetched", "ticker": "FMLY", "rows": 0}
2026-09-15 17:02:32,653 INFO app.web.services.market_data.sources.nse_scraper {"event": "scraper_statements_fetched", "ticker": "FTGH", "rows": 0}
2026-09-15 17:02:32,655 INFO app.web.services.market_data.sources.nse_scraper {"event": "scraper_statements_fetched", "ticker": "GLD", "rows": 0}
2026-09-15 17:02:32,656 INFO app.web.services.market_data.sources.nse_scraper {"event": "scraper_statements_fetched", "ticker": "HAFR", "rows": 0}
2026-09-15 17:02:32,658 INFO app.web.services.market_data.sources.nse_scraper {"event": "scraper_statements_fetched", "ticker": "HBE", "rows": 0}
2026-09-15 17:02:32,878 INFO app.web.services.market_data.sources.nse_scraper {"event": "scraper_statements_fetched", "ticker": "HFCK", "rows": 2693}
2026-09-15 17:02:32,959 INFO app.web.services.market_data.sources.nse_scraper {"event": "scraper_statements_fetched", "ticker": "HFCK-R", "rows": 0}
2026-09-15 17:02:32,960 INFO app.web.services.market_data.sources.nse_scraper {"event": "scraper_statements_fetched", "ticker": "ICDC", "rows": 0}
2026-09-15 17:02:32,961 INFO app.web.services.market_data.sources.nse_scraper {"event": "scraper_statements_fetched", "ticker": "IMH", "rows": 0}
2026-09-15 17:02:33,041 INFO app.web.services.market_data.sources.nse_scraper {"event": "scraper_statements_fetched", "ticker": "JUB", "rows": 2478}
2026-09-15 17:02:33,133 INFO app.web.services.market_data.sources.nse_scraper {"event": "scraper_statements_fetched", "ticker": "KAPC", "rows": 0}
2026-09-15 17:02:33,204 INFO app.web.services.market_data.sources.nse_scraper {"event": "scraper_statements_fetched", "ticker": "KCB", "rows": 2879}
2026-09-15 17:02:33,275 INFO app.web.services.market_data.sources.nse_scraper {"event": "scraper_statements_fetched", "ticker": "KCB-R", "rows": 0}
2026-09-15 17:02:33,348 INFO app.web.services.market_data.sources.nse_scraper {"event": "scraper_statements_fetched", "ticker": "KEGN", "rows": 2336}
2026-09-15 17:02:33,446 INFO app.web.services.market_data.sources.nse_scraper {"event": "scraper_statements_fetched", "ticker": "KENO", "rows": 0}
2026-09-15 17:02:33,561 INFO app.web.services.market_data.sources.nse_scraper {"event": "scraper_statements_fetched", "ticker": "KNRE", "rows": 2073}
2026-09-15 17:02:33,659 INFO app.web.services.market_data.sources.nse_scraper {"event": "scraper_statements_fetched", "ticker": "KPC", "rows": 0}
2026-09-15 17:02:33,669 INFO app.web.services.market_data.sources.nse_scraper {"event": "scraper_statements_fetched", "ticker": "KPLC", "rows": 406}
2026-09-15 17:02:33,676 INFO app.web.services.market_data.sources.nse_scraper {"event": "scraper_statements_fetched", "ticker": "KPLC-P4", "rows": 0}
2026-09-15 17:02:33,677 INFO app.web.services.market_data.sources.nse_scraper {"event": "scraper_statements_fetched", "ticker": "KPLC-P7", "rows": 0}
2026-09-15 17:02:33,678 INFO app.web.services.market_data.sources.nse_scraper {"event": "scraper_statements_fetched", "ticker": "KPLC-R", "rows": 0}
2026-09-15 17:02:33,768 INFO app.web.services.market_data.sources.nse_scraper {"event": "scraper_statements_fetched", "ticker": "KQ", "rows": 2398}
2026-09-15 17:02:33,804 INFO app.web.services.market_data.sources.nse_scraper {"event": "scraper_statements_fetched", "ticker": "KQ-R", "rows": 0}
2026-09-15 17:02:33,829 INFO app.web.services.market_data.sources.nse_scraper {"event": "scraper_statements_fetched", "ticker": "KUKZ", "rows": 0}
2026-09-15 17:02:33,829 INFO app.web.services.market_data.sources.nse_scraper {"event": "scraper_statements_fetched", "ticker": "KURV", "rows": 0}
2026-09-15 17:02:33,830 INFO app.web.services.market_data.sources.nse_scraper {"event": "scraper_statements_fetched", "ticker": "LAPR", "rows": 0}
2026-09-15 17:02:33,831 INFO app.web.services.market_data.sources.nse_scraper {"event": "scraper_statements_fetched", "ticker": "LBTY", "rows": 0}
2026-09-15 17:02:33,831 INFO app.web.services.market_data.sources.nse_scraper {"event": "scraper_statements_fetched", "ticker": "LIMT", "rows": 0}
2026-09-15 17:02:33,832 INFO app.web.services.market_data.sources.nse_scraper {"event": "scraper_statements_fetched", "ticker": "LKL", "rows": 0}
2026-09-15 17:02:33,833 INFO app.web.services.market_data.sources.nse_scraper {"event": "scraper_statements_fetched", "ticker": "MASH", "rows": 0}
2026-09-15 17:02:33,833 INFO app.web.services.market_data.sources.nse_scraper {"event": "scraper_statements_fetched", "ticker": "MSC", "rows": 0}
2026-09-15 17:02:33,834 INFO app.web.services.market_data.sources.nse_scraper {"event": "scraper_statements_fetched", "ticker": "NBK", "rows": 0}
2026-09-15 17:02:33,835 INFO app.web.services.market_data.sources.nse_scraper {"event": "scraper_statements_fetched", "ticker": "NBV", "rows": 0}
2026-09-15 17:02:33,836 INFO app.web.services.market_data.sources.nse_scraper {"event": "scraper_statements_fetched", "ticker": "NCBA", "rows": 0}
2026-09-15 17:02:33,836 INFO app.web.services.market_data.sources.nse_scraper {"event": "scraper_statements_fetched", "ticker": "NIC-R", "rows": 0}
2026-09-15 17:02:33,837 INFO app.web.services.market_data.sources.nse_scraper {"event": "scraper_statements_fetched", "ticker": "NMG", "rows": 0}
2026-09-15 17:02:33,838 INFO app.web.services.market_data.sources.nse_scraper {"event": "scraper_statements_fetched", "ticker": "NSE", "rows": 0}
2026-09-15 17:02:33,839 INFO app.web.services.market_data.sources.nse_scraper {"event": "scraper_statements_fetched", "ticker": "OCH", "rows": 0}
2026-09-15 17:02:33,839 INFO app.web.services.market_data.sources.nse_scraper {"event": "scraper_statements_fetched", "ticker": "OCH-R", "rows": 0}
2026-09-15 17:02:33,840 INFO app.web.services.market_data.sources.nse_scraper {"event": "scraper_statements_fetched", "ticker": "ORCH", "rows": 0}
2026-09-15 17:02:33,841 INFO app.web.services.market_data.sources.nse_scraper {"event": "scraper_statements_fetched", "ticker": "PAFR", "rows": 0}
2026-09-15 17:02:33,842 INFO app.web.services.market_data.sources.nse_scraper {"event": "scraper_statements_fetched", "ticker": "PORT", "rows": 0}
2026-09-15 17:02:33,842 INFO app.web.services.market_data.sources.nse_scraper {"event": "scraper_statements_fetched", "ticker": "REA", "rows": 0}
2026-09-15 17:02:33,843 INFO app.web.services.market_data.sources.nse_scraper {"event": "scraper_statements_fetched", "ticker": "SASN", "rows": 0}
2026-09-15 17:02:33,889 INFO app.web.services.market_data.sources.nse_scraper {"event": "scraper_statements_fetched", "ticker": "SBIC", "rows": 2019}
2026-09-15 17:02:33,959 INFO app.web.services.market_data.sources.nse_scraper {"event": "scraper_statements_fetched", "ticker": "SCAN", "rows": 0}
2026-09-15 17:02:33,967 INFO app.web.services.market_data.sources.nse_scraper {"event": "scraper_statements_fetched", "ticker": "SCBK", "rows": 396}
2026-09-15 17:02:33,973 INFO app.web.services.market_data.sources.nse_scraper {"event": "scraper_statements_fetched", "ticker": "SCBK-R", "rows": 0}
2026-09-15 17:02:34,043 INFO app.web.services.market_data.sources.nse_scraper {"event": "scraper_statements_fetched", "ticker": "SCOM", "rows": 2612}
2026-09-15 17:02:34,143 INFO app.web.services.market_data.sources.nse_scraper {"event": "scraper_statements_fetched", "ticker": "SGL", "rows": 0}
2026-09-15 17:02:34,144 INFO app.web.services.market_data.sources.nse_scraper {"event": "scraper_statements_fetched", "ticker": "SKL", "rows": 0}
2026-09-15 17:02:34,145 INFO app.web.services.market_data.sources.nse_scraper {"event": "scraper_statements_fetched", "ticker": "SLAM", "rows": 0}
2026-09-15 17:02:34,146 INFO app.web.services.market_data.sources.nse_scraper {"event": "scraper_statements_fetched", "ticker": "SMER", "rows": 0}
2026-09-15 17:02:34,147 INFO app.web.services.market_data.sources.nse_scraper {"event": "scraper_statements_fetched", "ticker": "TCL", "rows": 0}
2026-09-15 17:02:34,197 INFO app.web.services.market_data.sources.nse_scraper {"event": "scraper_statements_fetched", "ticker": "TOTL", "rows": 2396}
2026-09-15 17:02:34,262 INFO app.web.services.market_data.sources.nse_scraper {"event": "scraper_statements_fetched", "ticker": "TPSE", "rows": 0}
2026-09-15 17:02:34,263 INFO app.web.services.market_data.sources.nse_scraper {"event": "scraper_statements_fetched", "ticker": "TPSE-R", "rows": 0}
2026-09-15 17:02:34,264 INFO app.web.services.market_data.sources.nse_scraper {"event": "scraper_statements_fetched", "ticker": "TRFC", "rows": 0}
2026-09-15 17:02:34,265 INFO app.web.services.market_data.sources.nse_scraper {"event": "scraper_statements_fetched", "ticker": "UCHM", "rows": 0}
2026-09-15 17:02:34,266 INFO app.web.services.market_data.sources.nse_scraper {"event": "scraper_statements_fetched", "ticker": "UMME", "rows": 0}
2026-09-15 17:02:34,266 INFO app.web.services.market_data.sources.nse_scraper {"event": "scraper_statements_fetched", "ticker": "UNGA", "rows": 0}
2026-09-15 17:02:34,267 INFO app.web.services.market_data.sources.nse_scraper {"event": "scraper_statements_fetched", "ticker": "UTK", "rows": 0}
2026-09-15 17:02:34,268 INFO app.web.services.market_data.sources.nse_scraper {"event": "scraper_statements_fetched", "ticker": "WTK", "rows": 0}
2026-09-15 17:02:34,268 INFO app.web.services.market_data.sources.nse_scraper {"event": "scraper_statements_fetched", "ticker": "XPRS", "rows": 0}
2026-09-15 17:02:34,269 INFO app.web.services.market_data.sources.nse_scraper {"event": "scraper_statements_fetched", "ticker": "^FNK15", "rows": 0}
2026-09-15 17:02:34,270 INFO app.web.services.market_data.sources.nse_scraper {"event": "scraper_statements_fetched", "ticker": "^FNK25", "rows": 0}
2026-09-15 17:02:34,271 INFO app.web.services.market_data.sources.nse_scraper {"event": "scraper_statements_fetched", "ticker": "^N10I", "rows": 0}
2026-09-15 17:02:34,272 INFO app.web.services.market_data.sources.nse_scraper {"event": "scraper_statements_fetched", "ticker": "^N20I", "rows": 0}
2026-09-15 17:02:34,272 INFO app.web.services.market_data.sources.nse_scraper {"event": "scraper_statements_fetched", "ticker": "^N25I", "rows": 0}
2026-09-15 17:02:34,273 INFO app.web.services.market_data.sources.nse_scraper {"event": "scraper_statements_fetched", "ticker": "^NASI", "rows": 0}
2026-09-15 17:02:34,273 INFO app.web.services.market_data.sources.nse_scraper {"event": "scraper_statements_fetched", "ticker": "^NBDI", "rows": 0}
2026-09-15 17:02:34,274 INFO app.web.services.market_data.sources.nse_scraper {"event": "scraper_statements_fetched", "ticker": "^ZKEQTK", "rows": 0}
2026-09-15 17:02:34,275 INFO app.web.services.market_data.sources.nse_scraper {"event": "scraper_statements_fetched", "ticker": "^ZKEQTU", "rows": 0}
2026-09-15 17:02:40,534 INFO app.web.services.analytics.valuation_metrics.service {"event": "valuation_metrics_computed", "as_of": "2026-09-15", "processed": 17, "skipped": 85, "rows": 544, "calc_version_id": 13}
2026-09-15 17:02:43,946 INFO app.web.services.analytics.factors.service {"event": "factors_computed", "as_of": "2026-09-15", "universe": 89, "rows": 623, "known": {"value": 13, "quality": 14, "growth": 14, "dividend": 11}, "calc_version_id": 13}
2026-09-15 17:02:45,043 INFO app.web.services.analytics.ranking.service {"event": "rankings_computed", "as_of": "2026-09-15", "universe": 89, "scored": 13, "rows": 89, "calc_version_id": 13}
2026-09-15 17:03:33,991 INFO app.web.services.market_data.sources.nse_scraper {"event": "scraper_observations_bulk_fetched", "tickers": 102, "rows": 287978}
2026-09-15 17:03:49,352 INFO app.web.services.market_data.sources.nse_scraper {"event": "scraper_statements_fetched", "ticker": "ABSA", "rows": 0}
2026-09-15 17:03:49,357 INFO app.web.services.market_data.sources.nse_scraper {"event": "scraper_statements_fetched", "ticker": "ACCS", "rows": 0}
2026-09-15 17:03:49,359 INFO app.web.services.market_data.sources.nse_scraper {"event": "scraper_statements_fetched", "ticker": "ALP", "rows": 0}
2026-09-15 17:03:49,433 INFO app.web.services.market_data.sources.nse_scraper {"event": "scraper_statements_fetched", "ticker": "AMAC", "rows": 0}
2026-09-15 17:03:49,435 INFO app.web.services.market_data.sources.nse_scraper {"event": "scraper_statements_fetched", "ticker": "ARM", "rows": 0}
2026-09-15 17:03:49,436 INFO app.web.services.market_data.sources.nse_scraper {"event": "scraper_statements_fetched", "ticker": "BAMB", "rows": 0}
2026-09-15 17:03:49,555 INFO app.web.services.market_data.sources.nse_scraper {"event": "scraper_statements_fetched", "ticker": "BAT", "rows": 2295}
2026-09-15 17:03:49,847 INFO app.web.services.market_data.sources.nse_scraper {"event": "scraper_statements_fetched", "ticker": "BAUM", "rows": 0}
2026-09-15 17:03:49,849 INFO app.web.services.market_data.sources.nse_scraper {"event": "scraper_statements_fetched", "ticker": "BERG", "rows": 0}
2026-09-15 17:03:49,971 INFO app.web.services.market_data.sources.nse_scraper {"event": "scraper_statements_fetched", "ticker": "BKG", "rows": 2612}
2026-09-15 17:03:50,155 INFO app.web.services.market_data.sources.nse_scraper {"event": "scraper_statements_fetched", "ticker": "BOC", "rows": 0}
2026-09-15 17:03:50,263 INFO app.web.services.market_data.sources.nse_scraper {"event": "scraper_statements_fetched", "ticker": "BRIT", "rows": 2456}
2026-09-15 17:03:50,349 INFO app.web.services.market_data.sources.nse_scraper {"event": "scraper_statements_fetched", "ticker": "CABL", "rows": 0}
2026-09-15 17:03:50,350 INFO app.web.services.market_data.sources.nse_scraper {"event": "scraper_statements_fetched", "ticker": "CARB", "rows": 0}
2026-09-15 17:03:50,351 INFO app.web.services.market_data.sources.nse_scraper {"event": "scraper_statements_fetched", "ticker": "CFC-R", "rows": 0}
2026-09-15 17:03:50,454 INFO app.web.services.market_data.sources.nse_scraper {"event": "scraper_statements_fetched", "ticker": "CGEN", "rows": 2522}
2026-09-15 17:03:50,562 INFO app.web.services.market_data.sources.nse_scraper {"event": "scraper_statements_fetched", "ticker": "CIC", "rows": 0}
2026-09-15 17:03:50,563 INFO app.web.services.market_data.sources.nse_scraper {"event": "scraper_statements_fetched", "ticker": "CITY", "rows": 0}
2026-09-15 17:03:50,569 INFO app.web.services.market_data.sources.nse_scraper {"event": "scraper_statements_fetched", "ticker": "CMC", "rows": 0}
2026-09-15 17:03:50,570 INFO app.web.services.market_data.sources.nse_scraper {"event": "scraper_statements_fetched", "ticker": "COOP", "rows": 0}
2026-09-15 17:03:50,571 INFO app.web.services.market_data.sources.nse_scraper {"event": "scraper_statements_fetched", "ticker": "CRWN", "rows": 0}
2026-09-15 17:03:50,573 INFO app.web.services.market_data.sources.nse_scraper {"event": "scraper_statements_fetched", "ticker": "CTUM", "rows": 0}
2026-09-15 17:03:50,629 INFO app.web.services.market_data.sources.nse_scraper {"event": "scraper_statements_fetched", "ticker": "DCON", "rows": 0}
2026-09-15 17:03:50,756 INFO app.web.services.market_data.sources.nse_scraper {"event": "scraper_statements_fetched", "ticker": "DTK", "rows": 2914}
2026-09-15 17:03:51,132 INFO app.web.services.market_data.sources.nse_scraper {"event": "scraper_statements_fetched", "ticker": "DTK-R", "rows": 0}
2026-09-15 17:03:51,133 INFO app.web.services.market_data.sources.nse_scraper {"event": "scraper_statements_fetched", "ticker": "EABL", "rows": 0}
2026-09-15 17:03:51,134 INFO app.web.services.market_data.sources.nse_scraper {"event": "scraper_statements_fetched", "ticker": "EGAD", "rows": 0}
2026-09-15 17:03:51,343 INFO app.web.services.market_data.sources.nse_scraper {"event": "scraper_statements_fetched", "ticker": "EQTY", "rows": 2938}
2026-09-15 17:03:51,549 INFO app.web.services.market_data.sources.nse_scraper {"event": "scraper_statements_fetched", "ticker": "EVRD", "rows": 0}
2026-09-15 17:03:51,550 INFO app.web.services.market_data.sources.nse_scraper {"event": "scraper_statements_fetched", "ticker": "FMLY", "rows": 0}
2026-09-15 17:03:51,551 INFO app.web.services.market_data.sources.nse_scraper {"event": "scraper_statements_fetched", "ticker": "FTGH", "rows": 0}
2026-09-15 17:03:51,552 INFO app.web.services.market_data.sources.nse_scraper {"event": "scraper_statements_fetched", "ticker": "GLD", "rows": 0}
2026-09-15 17:03:51,553 INFO app.web.services.market_data.sources.nse_scraper {"event": "scraper_statements_fetched", "ticker": "HAFR", "rows": 0}
2026-09-15 17:03:51,553 INFO app.web.services.market_data.sources.nse_scraper {"event": "scraper_statements_fetched", "ticker": "HBE", "rows": 0}
2026-09-15 17:03:51,657 INFO app.web.services.market_data.sources.nse_scraper {"event": "scraper_statements_fetched", "ticker": "HFCK", "rows": 2693}
2026-09-15 17:03:51,853 INFO app.web.services.market_data.sources.nse_scraper {"event": "scraper_statements_fetched", "ticker": "HFCK-R", "rows": 0}
2026-09-15 17:03:51,854 INFO app.web.services.market_data.sources.nse_scraper {"event": "scraper_statements_fetched", "ticker": "ICDC", "rows": 0}
2026-09-15 17:03:51,855 INFO app.web.services.market_data.sources.nse_scraper {"event": "scraper_statements_fetched", "ticker": "IMH", "rows": 0}
2026-09-15 17:03:52,047 INFO app.web.services.market_data.sources.nse_scraper {"event": "scraper_statements_fetched", "ticker": "JUB", "rows": 2478}
2026-09-15 17:03:52,149 INFO app.web.services.market_data.sources.nse_scraper {"event": "scraper_statements_fetched", "ticker": "KAPC", "rows": 0}
2026-09-15 17:03:52,238 INFO app.web.services.market_data.sources.nse_scraper {"event": "scraper_statements_fetched", "ticker": "KCB", "rows": 2879}
2026-09-15 17:03:52,346 INFO app.web.services.market_data.sources.nse_scraper {"event": "scraper_statements_fetched", "ticker": "KCB-R", "rows": 0}
2026-09-15 17:03:52,446 INFO app.web.services.market_data.sources.nse_scraper {"event": "scraper_statements_fetched", "ticker": "KEGN", "rows": 2336}
2026-09-15 17:03:52,629 INFO app.web.services.market_data.sources.nse_scraper {"event": "scraper_statements_fetched", "ticker": "KENO", "rows": 0}
2026-09-15 17:03:53,038 INFO app.web.services.market_data.sources.nse_scraper {"event": "scraper_statements_fetched", "ticker": "KNRE", "rows": 2073}
2026-09-15 17:03:53,349 INFO app.web.services.market_data.sources.nse_scraper {"event": "scraper_statements_fetched", "ticker": "KPC", "rows": 0}
2026-09-15 17:03:53,430 INFO app.web.services.market_data.sources.nse_scraper {"event": "scraper_statements_fetched", "ticker": "KPLC", "rows": 406}
2026-09-15 17:03:53,451 INFO app.web.services.market_data.sources.nse_scraper {"event": "scraper_statements_fetched", "ticker": "KPLC-P4", "rows": 0}
2026-09-15 17:03:53,453 INFO app.web.services.market_data.sources.nse_scraper {"event": "scraper_statements_fetched", "ticker": "KPLC-P7", "rows": 0}
2026-09-15 17:03:53,529 INFO app.web.services.market_data.sources.nse_scraper {"event": "scraper_statements_fetched", "ticker": "KPLC-R", "rows": 0}
2026-09-15 17:03:53,747 INFO app.web.services.market_data.sources.nse_scraper {"event": "scraper_statements_fetched", "ticker": "KQ", "rows": 2398}
2026-09-15 17:03:53,954 INFO app.web.services.market_data.sources.nse_scraper {"event": "scraper_statements_fetched", "ticker": "KQ-R", "rows": 0}
2026-09-15 17:03:54,035 INFO app.web.services.market_data.sources.nse_scraper {"event": "scraper_statements_fetched", "ticker": "KUKZ", "rows": 0}
2026-09-15 17:03:54,036 INFO app.web.services.market_data.sources.nse_scraper {"event": "scraper_statements_fetched", "ticker": "KURV", "rows": 0}
2026-09-15 17:03:54,037 INFO app.web.services.market_data.sources.nse_scraper {"event": "scraper_statements_fetched", "ticker": "LAPR", "rows": 0}
2026-09-15 17:03:54,038 INFO app.web.services.market_data.sources.nse_scraper {"event": "scraper_statements_fetched", "ticker": "LBTY", "rows": 0}
2026-09-15 17:03:54,039 INFO app.web.services.market_data.sources.nse_scraper {"event": "scraper_statements_fetched", "ticker": "LIMT", "rows": 0}
2026-09-15 17:03:54,040 INFO app.web.services.market_data.sources.nse_scraper {"event": "scraper_statements_fetched", "ticker": "LKL", "rows": 0}
2026-09-15 17:03:54,042 INFO app.web.services.market_data.sources.nse_scraper {"event": "scraper_statements_fetched", "ticker": "MASH", "rows": 0}
2026-09-15 17:03:54,043 INFO app.web.services.market_data.sources.nse_scraper {"event": "scraper_statements_fetched", "ticker": "MSC", "rows": 0}
2026-09-15 17:03:54,044 INFO app.web.services.market_data.sources.nse_scraper {"event": "scraper_statements_fetched", "ticker": "NBK", "rows": 0}
2026-09-15 17:03:54,045 INFO app.web.services.market_data.sources.nse_scraper {"event": "scraper_statements_fetched", "ticker": "NBV", "rows": 0}
2026-09-15 17:03:54,047 INFO app.web.services.market_data.sources.nse_scraper {"event": "scraper_statements_fetched", "ticker": "NCBA", "rows": 0}
2026-09-15 17:03:54,048 INFO app.web.services.market_data.sources.nse_scraper {"event": "scraper_statements_fetched", "ticker": "NIC-R", "rows": 0}
2026-09-15 17:03:54,049 INFO app.web.services.market_data.sources.nse_scraper {"event": "scraper_statements_fetched", "ticker": "NMG", "rows": 0}
2026-09-15 17:03:54,050 INFO app.web.services.market_data.sources.nse_scraper {"event": "scraper_statements_fetched", "ticker": "NSE", "rows": 0}
2026-09-15 17:03:54,052 INFO app.web.services.market_data.sources.nse_scraper {"event": "scraper_statements_fetched", "ticker": "OCH", "rows": 0}
2026-09-15 17:03:54,053 INFO app.web.services.market_data.sources.nse_scraper {"event": "scraper_statements_fetched", "ticker": "OCH-R", "rows": 0}
2026-09-15 17:03:54,055 INFO app.web.services.market_data.sources.nse_scraper {"event": "scraper_statements_fetched", "ticker": "ORCH", "rows": 0}
2026-09-15 17:03:54,056 INFO app.web.services.market_data.sources.nse_scraper {"event": "scraper_statements_fetched", "ticker": "PAFR", "rows": 0}
2026-09-15 17:03:54,056 INFO app.web.services.market_data.sources.nse_scraper {"event": "scraper_statements_fetched", "ticker": "PORT", "rows": 0}
2026-09-15 17:03:54,057 INFO app.web.services.market_data.sources.nse_scraper {"event": "scraper_statements_fetched", "ticker": "REA", "rows": 0}
2026-09-15 17:03:54,129 INFO app.web.services.market_data.sources.nse_scraper {"event": "scraper_statements_fetched", "ticker": "SASN", "rows": 0}
2026-09-15 17:03:54,547 INFO app.web.services.market_data.sources.nse_scraper {"event": "scraper_statements_fetched", "ticker": "SBIC", "rows": 2019}
2026-09-15 17:03:54,935 INFO app.web.services.market_data.sources.nse_scraper {"event": "scraper_statements_fetched", "ticker": "SCAN", "rows": 0}
2026-09-15 17:03:54,951 INFO app.web.services.market_data.sources.nse_scraper {"event": "scraper_statements_fetched", "ticker": "SCBK", "rows": 396}
2026-09-15 17:03:55,029 INFO app.web.services.market_data.sources.nse_scraper {"event": "scraper_statements_fetched", "ticker": "SCBK-R", "rows": 0}
2026-09-15 17:03:55,338 INFO app.web.services.market_data.sources.nse_scraper {"event": "scraper_statements_fetched", "ticker": "SCOM", "rows": 2612}
2026-09-15 17:03:55,458 INFO app.web.services.market_data.sources.nse_scraper {"event": "scraper_statements_fetched", "ticker": "SGL", "rows": 0}
2026-09-15 17:03:55,459 INFO app.web.services.market_data.sources.nse_scraper {"event": "scraper_statements_fetched", "ticker": "SKL", "rows": 0}
2026-09-15 17:03:55,528 INFO app.web.services.market_data.sources.nse_scraper {"event": "scraper_statements_fetched", "ticker": "SLAM", "rows": 0}
2026-09-15 17:03:55,529 INFO app.web.services.market_data.sources.nse_scraper {"event": "scraper_statements_fetched", "ticker": "SMER", "rows": 0}
2026-09-15 17:03:55,530 INFO app.web.services.market_data.sources.nse_scraper {"event": "scraper_statements_fetched", "ticker": "TCL", "rows": 0}
2026-09-15 17:03:55,633 INFO app.web.services.market_data.sources.nse_scraper {"event": "scraper_statements_fetched", "ticker": "TOTL", "rows": 2396}
2026-09-15 17:03:55,747 INFO app.web.services.market_data.sources.nse_scraper {"event": "scraper_statements_fetched", "ticker": "TPSE", "rows": 0}
2026-09-15 17:03:55,748 INFO app.web.services.market_data.sources.nse_scraper {"event": "scraper_statements_fetched", "ticker": "TPSE-R", "rows": 0}
2026-09-15 17:03:55,749 INFO app.web.services.market_data.sources.nse_scraper {"event": "scraper_statements_fetched", "ticker": "TRFC", "rows": 0}
2026-09-15 17:03:55,749 INFO app.web.services.market_data.sources.nse_scraper {"event": "scraper_statements_fetched", "ticker": "UCHM", "rows": 0}
2026-09-15 17:03:55,750 INFO app.web.services.market_data.sources.nse_scraper {"event": "scraper_statements_fetched", "ticker": "UMME", "rows": 0}
2026-09-15 17:03:55,751 INFO app.web.services.market_data.sources.nse_scraper {"event": "scraper_statements_fetched", "ticker": "UNGA", "rows": 0}
2026-09-15 17:03:55,753 INFO app.web.services.market_data.sources.nse_scraper {"event": "scraper_statements_fetched", "ticker": "UTK", "rows": 0}
2026-09-15 17:03:55,757 INFO app.web.services.market_data.sources.nse_scraper {"event": "scraper_statements_fetched", "ticker": "WTK", "rows": 0}
2026-09-15 17:03:55,758 INFO app.web.services.market_data.sources.nse_scraper {"event": "scraper_statements_fetched", "ticker": "XPRS", "rows": 0}
2026-09-15 17:03:55,759 INFO app.web.services.market_data.sources.nse_scraper {"event": "scraper_statements_fetched", "ticker": "^FNK15", "rows": 0}
2026-09-15 17:03:55,759 INFO app.web.services.market_data.sources.nse_scraper {"event": "scraper_statements_fetched", "ticker": "^FNK25", "rows": 0}
2026-09-15 17:03:55,760 INFO app.web.services.market_data.sources.nse_scraper {"event": "scraper_statements_fetched", "ticker": "^N10I", "rows": 0}
2026-09-15 17:03:55,761 INFO app.web.services.market_data.sources.nse_scraper {"event": "scraper_statements_fetched", "ticker": "^N20I", "rows": 0}
2026-09-15 17:03:55,762 INFO app.web.services.market_data.sources.nse_scraper {"event": "scraper_statements_fetched", "ticker": "^N25I", "rows": 0}
2026-09-15 17:03:55,763 INFO app.web.services.market_data.sources.nse_scraper {"event": "scraper_statements_fetched", "ticker": "^NASI", "rows": 0}
2026-09-15 17:03:55,763 INFO app.web.services.market_data.sources.nse_scraper {"event": "scraper_statements_fetched", "ticker": "^NBDI", "rows": 0}
2026-09-15 17:03:55,764 INFO app.web.services.market_data.sources.nse_scraper {"event": "scraper_statements_fetched", "ticker": "^ZKEQTK", "rows": 0}
2026-09-15 17:03:55,765 INFO app.web.services.market_data.sources.nse_scraper {"event": "scraper_statements_fetched", "ticker": "^ZKEQTU", "rows": 0}
2026-09-15 17:03:56,748 INFO app.web.services.analytics.fair_value.service {"event": "fair_value_computed", "as_of": "2026-09-15", "instruments": 17, "rows": 58, "known": {"dcf": 6, "ev_ebitda": 5, "pe_relative": 5, "blended": 14, "pb_roe": 8, "ddm": 6}, "calc_version_id": 13}
2026-09-15 17:03:56,935 INFO app.web.services.jobs.runner {"event": "pipeline_finished", "pipeline": "daily", "as_of": "2026-09-15", "counts": {"skipped": 6, "succeeded": 4}}
              pipeline daily as of 2026-09-15 (run 88)               
┏━━━━━━━━━━━━━━━━━━━┳━━━━━━━━━━━┳━━━━━━┳━━━━━━━━━┳━━━━━━━━━━━━━━━━━━┓
┃ Step              ┃ Status    ┃ Rows ┃ Seconds ┃ Reason           ┃
┡━━━━━━━━━━━━━━━━━━━╇━━━━━━━━━━━╇━━━━━━╇━━━━━━━━━╇━━━━━━━━━━━━━━━━━━┩
│ data_quality      │ skipped   │    0 │     0.1 │ inputs unchanged │
│ returns           │ skipped   │    0 │     0.0 │ inputs unchanged │
│ momentum          │ skipped   │    0 │     0.0 │ inputs unchanged │
│ risk              │ skipped   │    0 │     0.1 │ inputs unchanged │
│ liquidity         │ skipped   │    0 │     0.0 │ inputs unchanged │
│ valuation_metrics │ succeeded │  544 │    89.9 │                  │
│ factors           │ succeeded │  623 │     2.8 │                  │
│ rankings          │ succeeded │   89 │     1.0 │                  │
│ fair_value        │ succeeded │   58 │    71.8 │                  │
│ scenarios         │ skipped   │    0 │     0.0 │ inputs unchanged │
└───────────────────┴───────────┴──────┴─────────┴──────────────────┘
counts: skipped 6, succeeded 4
[2026-09-15T17:04:02+0200] OK pipeline=daily
[2026-09-15T17:06:02+0200] START pipeline=daily args=
2026-09-15 17:07:01,952 INFO alembic.runtime.migration Context impl SQLiteImpl.
2026-09-15 17:07:01,954 INFO alembic.runtime.migration Will assume non-transactional DDL.
2026-09-15 17:07:02,939 INFO alembic.runtime.migration Context impl SQLiteImpl.
2026-09-15 17:07:02,939 INFO alembic.runtime.migration Will assume non-transactional DDL.
INFO  [alembic.runtime.migration] Context impl SQLiteImpl.
INFO  [alembic.runtime.migration] Will assume non-transactional DDL.
INFO  [alembic.runtime.migration] Context impl SQLiteImpl.
INFO  [alembic.runtime.migration] Will assume non-transactional DDL.
analytics store already at 20260915_0013: 
/home/kevin/Nairobi-stock-Exchange/data/nse_analytics.sqlite3
2026-09-15 17:07:59,828 INFO app.web.services.jobs.runner {"event": "pipeline_finished", "pipeline": "daily", "as_of": "2026-09-15", "counts": {"skipped": 10}}
             pipeline daily as of 2026-09-15 (run 103)             
┏━━━━━━━━━━━━━━━━━━━┳━━━━━━━━━┳━━━━━━┳━━━━━━━━━┳━━━━━━━━━━━━━━━━━━┓
┃ Step              ┃ Status  ┃ Rows ┃ Seconds ┃ Reason           ┃
┡━━━━━━━━━━━━━━━━━━━╇━━━━━━━━━╇━━━━━━╇━━━━━━━━━╇━━━━━━━━━━━━━━━━━━┩
│ data_quality      │ skipped │    0 │     0.1 │ inputs unchanged │
│ returns           │ skipped │    0 │     0.0 │ inputs unchanged │
│ momentum          │ skipped │    0 │     0.1 │ inputs unchanged │
│ risk              │ skipped │    0 │     0.0 │ inputs unchanged │
│ liquidity         │ skipped │    0 │     0.0 │ inputs unchanged │
│ valuation_metrics │ skipped │    0 │     0.0 │ inputs unchanged │
│ factors           │ skipped │    0 │     0.1 │ inputs unchanged │
│ rankings          │ skipped │    0 │     0.0 │ inputs unchanged │
│ fair_value        │ skipped │    0 │     0.0 │ inputs unchanged │
│ scenarios         │ skipped │    0 │     0.0 │ inputs unchanged │
└───────────────────┴─────────┴──────┴─────────┴──────────────────┘
counts: skipped 10
[2026-09-15T17:08:02+0200] OK pipeline=daily
